phishtank_id,phishtank_url,phishtank_verified,phishtank_online,manual_available,manual_data_harvesting_phishing_confirmed
9380339,https://homepage-ledgre.wixstudio.com/us-en,True,True,False,False
9351203,https://docs.google.com/drawings/d/1b57MVS7NDL9LjXQLWmjYYky3-biyhz8rHvpOxD9ASSM/edit,True,True,True,False
9204313,https://servicesdiners.webcindario.com/,True,True,False,False
9392066,https://netempresa-online.digital/inicio-boas-vindas.php?hash=82060375669db9b00d9d5f3.54103187,True,True,False,False
9425292,https://gov.gr-coms.cfd/grs,True,True,False,False
9425206,https://bafkreienha3wzkpk4fhy7g667m5kb3zygitwmahouwok2jsooaztk6szzy.ipfs.inbrowser.link,True,True,False,False
8842223,https://l.ead.me/bfYEiP,True,True,False,False
8957767,https://docs.google.com/presentation/d/e/2PACX-1vRiBZ14f5YyNrjXtn8UprDraP7PRlcvvC8oD3gf_Keb_np362GZSDbMRKvWCvxbt9-H6johCbRiSeUc/pub?start=true&amp;loop=true&amp;delayms=60000,True,True,True,False
9341620,https://q-r.to/bgcAnu,True,True,False,False
9437700,http://planifier-livraison-relay.com.s3-website.eu-west-3.amazonaws.com/,True,True,False,False
8728611,https://l.ead.me/Dgtes2,True,True,False,False
8456594,https://ipfs.io/ipfs/QmamhFji41Z4gYz9qKHtHMcgkBvQFhvnwHw8bRTXuzwBT1,True,True,False,False
9179604,https://docs.google.com/presentation/d/e/2PACX-1vQsFy8gDLaUfY7Vn3M-Fgu7gHL33sg8eLONZ3iBu4GLRsz8x9wcdnRT5K3gcPqvbxRvDwRxKI2DV5Vu/pub,True,True,True,False
9424969,https://www.dpdlocotd.shop/com,True,True,False,False
8424488,https://respondto.forms.app/roofersnlondon247/bt-voice-note,True,True,False,False
8841295,https://docs.google.com/presentation/d/e/2PACX-1vTPYdrRMhT3u_Vh3_fZkPdHz68x2cEX-UtS2SPXYOjxTBg8clAF_DHOOWj4d9YG1m1oi1vSnzouZXIp/pub?start=false&amp;loop=false&amp;delayms=3000,True,True,True,False
9449934,https://en-exdous-ext.wixstudio.com/us-en,True,True,False,False
9408632,http://allegrolokalnie.63493849g0.lol,True,True,False,False
8977486,https://docs.google.com/presentation/d/e/2PACX-1vQpMBWieo8iwxPdcJ-6xAQ3ofhFH-L0jGBdxB0Mp4fAM169PmXNAz4RbCkgW3sCFRPNlsqmN8zfb_bX/pub?start=false&amp;loop=false&amp;delayms=3000,True,True,True,False
9435475,https://twrvdexnmfs.ca6a8b74-32ac-45ea-84f0-fb607b8789ab.click/64cde040-2235-45be-a3f6-4dcd6c886dbe.php,True,True,False,False
8397975,https://bn-028l.webcindario.com,True,True,False,False
9440950,https://trzur-suited.wixstudio.com/enus,True,True,False,False
9361920,https://allegrolokalnie.6143897201.click,True,True,False,False
8738351,https://l.ead.me/bfLwIt,True,True,False,False
9334204,https://qrco.de/bgbLvx,True,True,False,False
8467683,https://mgggd.ukit.me/,True,True,False,False
9451300,http://allegrolokalnie.lokalna-ofera239.sbs,True,True,False,False
9374459,https://prestamosficohsa.webcindario.com/inde.html,True,True,False,False
8738335,https://l.ead.me/bfLvSq,True,True,False,False
8719167,https://l.ead.me/bfJNqR,True,True,False,False
8764730,https://q-r.to/bfOux3,True,True,False,False
9395407,https://validardatos1hbd.webcindario.com/,True,True,False,False
8513419,https://docs.google.com/presentation/d/e/2PACX-1vSDHtZtj7UZVSXt-vJkH_BCyUJ7EOAcZl4_lQYTBIMmniNKO0Wghz57zKMrx5ze3HbTCdO4NeXwEMdq/pub?start=false&amp;loop=false&amp;delayms=3000,True,True,True,False
8505796,https://new.express.adobe.com/webpage/OfZtMhsCayYiJ,True,True,False,False
9361650,https://q-r.to/bgfFbF,True,True,False,False
9425640,https://portfolio-liveapps.wixstudio.com/us-en,True,True,False,False
8759049,https://q-r.to/bfOBN2,True,True,False,False
9439288,https://surl.li/lusydw,True,True,False,False
9462236,https://clever-direction-723933.framer.app/,True,True,True,True
9186802,https://us5.campaign-archive.com/?u=f44bede2544bc3083f0118632&id=1b07bd3087,True,True,False,False
8500758,https://docs.google.com/presentation/d/e/2PACX-1vR3V6FwlkStTwTGj_qT89ZrQY6VN_Ow4uUMf8gpeMQLXMGdZ8SmHY1MbiLA0LLKxoAcONa6JdoC12Sv/pub?start=false&loop=false&delayms=3000&slide=id.p%3E,True,True,True,False
8130333,https://ipfs.best-practice.se/ipfs/bafybeibphsinyntyembpxoksdmkr4ckdrj6ebs2emqzdkb2epjfivclovq/,True,True,False,False
8491167,https://www.cakeresume.com/accounts-payable,True,True,True,False
9342154,https://23891934-dammelee2304-7cljb.sitebeat.crazydomains.com/,True,True,False,False
9390756,https://pancake-org.created.app/,True,True,False,False
8387220,https://docs.google.com/presentation/d/e/2PACX-1vRzJIXsBAMU94H1OTcRBNe3AR-jTmJ5nJUiYcdqj7l0E3m2Cs8sL14nlwQl76SagV-aOccqB8d_6ZpG/pub?start=true&amp;loop=true&amp;delayms=60000,True,True,True,False
8306065,https://new.express.adobe.com/webpage/BwiDhrH4WusyL,True,True,False,False
8712801,https://q-r.to/bfJ5y5,True,True,False,False
9320727,http://email.brobizz.dk/ls/click?upn=u001.gmxbIK1-2F3fpvjFLuz6jiicbLFv8nJ4LTZNpuhHE-2F0vk-3DMF9H_0SJ4xWp5qdyPRBOfXg8T-2BYrgTdYNCSCpqKvQBrEP2dC2bIHtrLiEg1WGqaut2xxpqI5yQarBZ21uCbqY6lJDBQYc6q8R46QolrtAW-2Bgzm27nPAAImYwFdeOIQWp0XgoXn9cokybikx4jBMmsWCNP0VXOspqDGm2IhvADBxb2svE-2FqRplbVWMBuJU71u9xKGy1XEt77GHMQSfVvRyI5Xn-2BA-3D-3D,True,True,False,False
9303367,https://signincoinbasecom.wixsite.com/en-us,True,True,True,False
9443330,https://bsvtecnology.com/,True,True,True,False
8992683,https://new.express.adobe.com/webpage/jgeZKnBMfz9yL,True,True,False,False
8468226,https://rp.mockplus.com/run/bZJZV6G36Z/XujY3xX0bg/backToHead?cps=hide&dt=iphoneX&ha=0&la=0&nav=0&out=0&rps=hide&rt=0&as=true,True,True,False,False
8428358,https://gouvacad.ukit.me/,True,True,False,False
8895038,https://docs.google.com/presentation/d/e/2PACX-1vTvCwzMEZ1yS-TUqI3pwqNoG4SS7XxR-QP53K4X1jG2GFa4YEasyLCYKvBDqUHquqfXISX9UJYwaYC2/pub?start=true&amp;loop=true&amp;delayms=1000,True,True,True,False
9422688,https://2149lka.sbs/1ul311yx/G0trut/ovlzZZ,True,True,False,False
8034121,https://busdmpuness.firebaseapp.com/,True,True,False,False
9446668,https://apps-pionex.wixstudio.com/us-en,True,True,False,False
9448391,https://shopeemoedor-oficiial.vercel.app/,True,True,False,False
8428715,https://docs.google.com/presentation/d/e/2PACX-1vRHzaZOK9GYTpsL43YMFjkqc3yxrtoNM4Hm_ETHz5PJpwmM6M7ReYXFVUVr5Mx6EquRtiDRIMrKRves/pub?start=false&loop=false&delayms=3000,True,True,False,False
9413475,https://gov-nfqa.help/,True,True,False,False
9179571,https://us11.campaign-archive.com/?u=e25ee51e90d9f21af80a5784b&id=ebb226663f,True,True,False,False
9205606,https://eu.jotform.com/app/252473205639358,True,True,False,False
9176434,https://bafkreib3c563ll5q7ldrmxvhzxzxrvjbcdkmxnzxpgwi4lvkl4xm3oi5xa.ipfs.dweb.link/,True,True,False,False
8725874,https://l.ead.me/bfKLrJ,True,True,False,False
9006183,https://biglobemailservice.weebly.com/,True,True,True,True
9176582,https://bafkreifr6zy62mctuccuqfxrhi5suueyhza35h44qqpm6oq7r3pnb7iur4.ipfs.dweb.link/,True,True,False,False
9002254,https://docs.google.com/presentation/d/e/2PACX-1vQp81qzk7BJHO2dl2ENr438gZU8TiH0B298EtGWn-JXyCz1GUUl8EJwsYJy9pFa2rDGGAxYW9iFtqOx/pub?start=false&loop=false&delayms=3000&slide=id.p,True,True,True,False
8522735,https://docs.google.com/presentation/d/e/2PACX-1vToG2MUGq6Z3XIeNH-ytimyKQatWAKzv2F0r5tAZiMw8cJ8Akx_RR50vMfMAYecAmRBdCEDv7gd3VST/pub?start=false&loop=false&delayms=3000&slide=id.p,True,True,True,False
8493832,https://pouracquisconf-fr.firebaseapp.com/,True,True,False,False
8325784,https://docs.google.com/presentation/d/e/2PACX-1vR4rqC3E2DYWUBB6wEpQrnjPOx_Z-nO21DAKvI4bVa9FGgWhiS9BwHM3STHJJ2RAhxzpXJRbgKQLQWh/pub?start=false&amp;loop=false&amp;delayms=3000,True,True,True,False
8760404,https://qrco.de/bfOBuX,True,True,False,False
9345366,https://qrco.de/bgccve,True,True,False,False
9395674,https://njlgnjlgnjd.weebly.com/,True,True,False,False
9425978,https://site-z8xszvozd.godaddysites.com/,True,True,False,False
8937650,https://ztyuilknhchkjkjachdsj-cgxrsyukwejrd6ujmbqwsdc.teemill.com/,True,True,True,False
9020805,https://letfinishthisonceagain.weebly.com/,True,True,True,True
9267752,https://www.schonefoods.com/ar/wp-content/,True,True,False,False
8289475,https://new.express.adobe.com/webpage/8Qzv9WkYHqaLT,True,True,False,False
8759143,https://q-r.to/bfOB7a,True,True,False,False
7983654,https://w-auth-wf.web.app/,True,True,False,False
9200066,https://l.wl.co/l?u=https://qr-codes.io/6IxvyL,True,True,False,False
8836912,https://jhucgajukrvhauskjvuweyi-wgsxjyhjhwcs.teemill.com/,True,True,False,False
9371596,https://sp478949.sitebeat.crazydomains.com/,True,True,False,False
8359942,https://new.express.adobe.com/webpage/fYpy1KDtSOeWd,True,True,False,False
9209588,https://btupdatingf.fibery.io/default/.-9?sharing-key=64032869-bf9b-4b92-9394-959dd3dd7573,True,True,False,False
8876834,https://qrco.de/bfbJD0,True,True,False,False
9385021,https://6.accessbenefitscenter.com/journey?s=f226230a-85dc-4bb3-9711-bb9dfa6ce9fe#back,True,True,True,False
8451431,https://validez-online.webcindario.com/,True,True,False,False
8021995,https://share.ebforms.com/4588856832163840,True,True,False,False
9160261,https://birejip47.m-pages.com/chGZNR/awee,True,True,False,False
9073635,https://docs.google.com/presentation/d/e/2PACX-1vSd4rnfCUYnx3iHxRTYaDJbhsk786gsp_WGEB7pnkiWVOPJPRPxkBSCITfLHJ_Jd6JcD3gO5Q-V4ZWW/pub?start=false&amp;loop=false&amp;delayms=3000&amp;slide=id.p,True,True,True,False
8891993,https://l.ead.me/bfcX05,True,True,False,False
9442124,http://rocket-money-adsense-prelander.pages.dev,True,True,False,False
9217651,https://wmailsignin0000z97jed3.weebly.com/,True,True,True,True
9174415,https://bafkreibnjtfcav5ethnpwnziajlos6wtyjeinretrachxufq6q3vmlkfky.ipfs.dweb.link/,True,True,True,True
9437714,https://5160mrx.ink/txtstyh9/15twRz/sTgWXV,True,True,True,True
9185574,https://bafkreicn47lshmbzmr6ze3b4ayt7brmvnitcfqnqoszitnxthtdkuh7pii.ipfs.dweb.link/,True,True,True,False
8640425,https://wcsakrjpm.firebaseapp.com/,True,True,False,False
9462319,https://aeon.oifmfod.cn/3xlaojj3me,True,True,False,False
8834873,https://docs.google.com/presentation/d/e/2PACX-1vSiKJZmge6XR_rjSloz19Ihcn4pWnLNIFd0GoRmYSA2PjYal-34GCoSlqIkMQtrUPApqE-oTTw4_vpt/pub?start=false&amp;loop=false&amp;delayms=3000,True,True,True,False
8625166,https://docs.google.com/presentation/d/e/2PACX-1vRfA97ukPrGfNHaJh8yRiwRjPKuDrjdtOk2si2PLOFw0lLiynvsY2GG7BRaZNF3SFCD2gA960sdAJLU/pub?start=false&amp;loop=false&amp;delayms=3000,True,True,True,False
8733529,https://l.ead.me/bfL9gWCEGfvwegwy434gh,True,True,False,False
8796265,https://qrco.de/bfSTVK,True,True,False,False
9413804,https://gov-mcv.help/,True,True,False,False
8759041,https://l.ead.me/bfOPLH,True,True,False,False
8547125,https://docs.google.com/presentation/d/e/2PACX-1vSVBx0OCFhx_N5thG9T4vuETpMutWhJHTCu6jH0yYDBKBk4vLwODVAqKcIKVqgDY1MRIdgD93EDPMMG/pub?start=false&amp;loop=false&amp;delayms=3000,True,True,True,False
9446214,https://klelnanzeigen-deutsch.srvccheckin.icu/getpaymentm/181731722/m9?__cf_chl_rt_tk=uftbbHXZMeI1pdWi1Mw4AiHWVSogcAE4IiV_QPXQmQI-1780836135-1.0.1.1-JPHZ2Psi3rYqx1cuBwuxB3s9Xt5iznJL5W4K1fpbvvU,True,True,False,False
8640463,https://ireflou32.web.app/,True,True,False,False
9429073,https://5wf3tee.top/dujr3da9/p1EErw/Bp42hx,True,True,False,False
8574711,https://docs.google.com/presentation/d/e/2PACX-1vQDZw9NrbHRNhlYpbDMh2TE_rBW44XTUEklQt-bJ0aKi1AXp0NAqZMw993B-iChXBQVfp0CbRzHBX4-/pub?start=false&amp;loop=false&amp;delayms=3000&amp;pli=1&amp;slide=id.p,True,True,True,False
8029572,https://rewhg-mtt3.web.app/,True,True,False,False
8973515,https://freepsn21.weebly.com/,True,True,True,True
8733442,https://qrco.de/bfL9BF,True,True,True,True
9358357,https://webmaishaw08macaf.weebly.com/,True,True,True,True
8672604,https://docs.google.com/presentation/d/e/2PACX-1vRsVnj4r9YOZ5WeYCPiDM7E7BCpbcc8DPnYNYnw-Q7Wz8uUW_X1zTmsoVYKj1aMA629N7Of5RFu6Wyl/pub?start=false&amp;loop=false&amp;delayms=3000,True,True,True,True
9320073,https://q-r.to/bgZvQx,True,True,True,True
8448815,https://docs.google.com/presentation/d/e/2PACX-1vRfqWCzEDnwGjPcLaZmdx0Auyl4rj7wAYpMgfE0GvwibPaEzM-7umyhLSDfNBIYBE67sxy634pWBV-L/pub?start=false&amp;loop=false&amp;delayms=3000,True,True,True,False
9428890,https://marmoud.urge844284.pro/,True,True,False,False
8603546,https://pub-56235221ea6a4d138e0c2cdc42391d26.r2.dev/index.html,True,True,True,True
9238739,https://bit.ly/46wzerm,True,True,False,False
8847178,https://rrd543.webcindario.com/,True,True,False,False
9407953,https://appsuite-treixo.wixstudio.com/en-suite,True,True,False,False
9335751,https://qrco.de/bgbcfJ,True,True,False,False
8110965,https://genbexcnre.web.app/,True,True,False,False
9401240,https://l.wl.co/l?u=https://qr-codes.io/5akf8A,True,True,False,False
9409177,https://choose-exo-web3.wixstudio.com/us-en,True,True,False,False
9413951,https://nj.gov-mcf.help/,True,True,False,False
9343468,https://qrco.de/bgcP5S,True,True,False,False
9460708,https://idmsisaiaua.com.es/FE/11?/363321,True,True,False,False
8684491,https://docs.google.com/presentation/d/e/2PACX-1vQ3lVFMOQ43yp6sgrzchwjFbT1_xFEnkUten3RJIs4gsq_SgcZ9RfKOSqVAcUw4TxtccQzzQk9RVtYU/pub?start=true&amp;loop=true&amp;delayms=3000&amp;slide=id.g2ef2b8a2455_0_5,True,True,False,False
8977490,https://docs.google.com/presentation/d/e/2PACX-1vRPzgbYBNfoSGvuDi81jYdqnm7k5Io4dQSWj_mimlz1YNDqeehkZQyhb4BPOmsF9tNtSTy0mK-e25Jq/pub?start=false&amp;loop=false&amp;delayms=3000,True,True,True,False
9437677,https://docotrri.weebly.com/,True,True,False,False
8288269,https://new.express.adobe.com/webpage/iBYa69dSDkXAs,True,True,False,False
8804014,https://l.ead.me/bfTSiC,True,True,False,False
9453183,https://web.tegbff.top,True,True,False,False
9470461,https://votre-suivi-livraison.info/,True,True,False,False
9446916,https://tinyurl.com/msew96vd,True,True,False,False
8739288,https://q-r.to/bfM3t3,True,True,False,False
9341310,https://l.ead.me/bgbzBO,True,True,False,False
9464793,https://allegro.234890h945.xyz/,True,True,False,False
9417836,https://en-desktop-ldgre.wixstudio.com/en-us,True,True,False,False
9198329,https://brandbt.m-pages.com/RrCqdB/brand-management,True,True,False,False
8847684,https://xxvmcc5m.daftpage.com/,True,True,False,False
9334116,https://q-r.to/bgb0Vj,True,True,False,False
9374257,https://resumekeeper.com/E7YWdwj4Fs,True,True,False,False
9320098,https://qrco.de/bga3Hp,True,True,False,False
9464033,http://stario-tstezor.wixstudio.com/eng-ie,True,True,False,False
9464957,https://docs.google.com/drawings/d/101oTrRYpEj6qhptPcOkaYspBk3vZKgENubRbqtJwt90/edit,True,True,True,False
8644799,https://docs.google.com/presentation/d/e/2PACX-1vR6VWPr_AgkzSjk9VFSYctPlyxXv7d3Jq_N2a6buB2ljjSpze10OD8zMZ-l_iQbEra1gIqsE5ZeNajg/pub?start=false&amp;loop=false&amp;delayms=3000,True,True,True,False
9334096,https://qrco.de/bgbO3x,True,True,False,False
8778398,https://qrco.de/bfQgsnKSjdgjwrgrehgpeath,True,True,False,False
9222451,https://new.express.adobe.com/webpage/VoxB3AJjiQmHP,True,True,False,False
9217043,https://gateway-graphics.com/overvieaw/,True,True,False,False
7955597,https://hotsitefidelidade.blogspot.com/,True,True,False,False
9470153,http://allegro-lokalnie.87839h04402.click,True,True,False,False
8899011,https://bit.ly/4isCLev,True,True,False,False
8703005,https://q-r.to/bfIHJ1,True,True,False,False
9463111,https://allegrolokainie.get9547823.lol/,True,True,False,False
9396180,http://protocnodes.pages.dev/,True,True,False,False
8709759,https://qrco.de/bfIrTC,True,True,False,False
9171977,https://bafkreicp6yczkim5enxz57z76a4hfh24o2uwzi6pcaf42ph5qyqstzy3ry.ipfs.dweb.link/,True,True,True,False
9462824,https://mrelay-modifications.com/captcha.php,True,True,False,False
9425013,https://www.dpdlocorm.cyou/com,True,True,False,False
8767831,https://bit.ly/47xSyDR,True,True,False,False
9369200,https://qrco.de/bggYHn,True,True,False,False
9397439,https://bt-broadband-103237.weeblysite.com/,True,True,False,False
9322163,https://oeopfdgkjdfghruhdgfgdfgdfgrr-7368.twil.io/nibloooz.html,True,True,False,False
9207317,https://securloginacces.weebly.com/,True,True,True,True
8703277,https://docs.google.com/presentation/d/e/2PACX-1vQC2ZY3lF5kjnEFoIa__WoGEN0mCbLUO9sKdmvhc_Bgg-sc5jrgq4yuaIfV5Rfa-QaOwq5TAtNCNiVl/pub?start=false&amp;loop=false&amp;delayms=3000&amp;slide=id.p,True,True,True,False
8857377,https://qrco.de/bfZ4gr?trackingid=AZXOGMbva&signature=newsletter,True,True,False,False
9417874,https://newuphooldcdn.wixstudio.com/en-us,True,True,True,False
8410775,https://docs.google.com/presentation/d/e/2PACX-1vTWA5ndBq_UYh5755ykZjpur-_54EklGPrb9vkL2Tqer7lNCDN8hHABHvcKyZbcH-U-SlircG-mjmWI/pub?start=false&amp;loop=false&amp;delayms=3000,True,True,True,False
9411231,https://broadbqndsupportt.framer.website/,True,True,False,False
8307556,https://esspace-lcients.firebaseapp.com/,True,True,False,False
9358345,https://baucarshopee1458.weebly.com/,True,True,False,False
9167588,https://us2.campaign-archive.com/?u=681541d5891f66ad3b83ea132&id=17fdc1a31c,True,True,False,False
8653032,https://bit.ly/3S2cVlU,True,True,False,False
9369779,http://ca-netcoins-app-com-auth.webflow.io,True,True,True,False
9245178,https://estudiotripolone.com/wp-content/uupgarsdes/login/login,True,True,True,True
9470084,https://www.google.com/share.google?q=78KfELiUUc61LS3Qo,True,True,False,False
8413825,https://activartarjetabp.webcindario.com,True,True,False,False
9415989,https://louchagne.jpod10884268.pro/,True,True,False,False
9386723,https://docs.google.com/document/d/1Dxy_UjFrg7w98IJpX8pZSRes8jZGqkSKTVL4-XYAmqU/edit,True,True,True,False
9335301,https://qrco.de/bgbYPZ,True,True,False,False
9425000,https://www.dpdlocoew.cyou/com,True,True,False,False
8752685,https://q-r.to/bfNVY0,True,True,False,False
8484157,https://docs.google.com/presentation/d/e/2PACX-1vRijiitIqa9oIp5ytzkVR7O68kEdTbqLaVEE43cI2nsiSDwU-97BNzxgDOcBPFbmcXzAziDZNSJSJc9/pub?start=false&amp;loop=false&amp;delayms=3000,True,True,True,False
8214944,https://docs.google.com/presentation/d/e/2PACX-1vSvMry5_BracHpBZ1NpZvVonZlt9-L5mZWf8QAztWtYG8xxHH_0v_MaRgPxj0RSGm7Gue5MNNbLczxS/pub?start=false&loop=false&delayms=3000,True,True,True,False
8839582,https://qrco.de/bfXZIl?trackingid=SBJNEv60AiO3D1&amp;signature=newsletter,True,True,False,False
9442177,https://nodebit.pages.dev/,True,True,False,False
9437178,https://kleinanzeigen-deutsch.id59365.info/getpaymentm/273789936/m9,True,True,False,False
9254040,https://qr-codes.io/KSifvf,True,True,False,False
9269150,https://www.cambridgefolk.org.uk/dance_index/dance_index.php?function=%22%2F%3E%3Cimg%20src%3D%22https%3A%2F%2Fgoogle.com%2FDRjdEoSdsycji.jpg%22%20onerror%3D%22window.location%3DdecodeURIComponent%28atob%28%27Njg3NDc0NzA3MzNhMmYyZjZmMmU2YjZjNjg2ODZiN2E3NjZkMmU2ZDZmNmQyZjcxNjM2NjdhNjU3MjY5MjMzNjMwMzgzODM5MmY3MTYzNjY3YTY1NzI2OQ%3D%3D%27%29.replace%28%2F%28..%29%2Fg%2C%20%27%25%241%27%29%29%3B%22%3E,True,True,False,False
9394804,https://sophiaoamaral.github.io/Nubank/,True,True,False,False
9191638,https://us22.campaign-archive.com/?u=2d0f4abe6ad0ebf5c4dc6c4dd&id=e6ee185183,True,True,False,False
9198385,https://l.wl.co/l?u=https://qr-codes.io/XKvsY5,True,True,False,False
9345337,https://qrco.de/bgcZE1,True,True,False,False
8605671,https://docs.google.com/presentation/d/e/2PACX-1vQetgJtkPOW0sGOa7d2XW7c5KMojI1adTUjtH6FqqQz1FDUv_1KUDqlfqjFbhNWOJx2RpZ_pb318Ina/pub?start=false&amp;loop=false&amp;delayms=3000&amp;slide=id.p,True,True,True,False
8114332,https://qrco.de/bdsLNC?trackid=hIpknxohlhGCA2ZYImBgmnAaz1KSsep49cXwOIykU,True,True,False,False
9417579,https://936etg.top/mwrgua73/W3eHm4/jnRGaj,True,True,False,False
9458887,https://greenvoltis001.pro/loading.php,True,True,False,False
9466205,https://startcdn-ledgcum.wixstudio.com:443/us-en,True,True,False,False
8811563,https://l.ead.me/bfUYy3,True,True,False,False
8728669,https://l.ead.me/bfKL6e,True,True,False,False
9352835,https://setup-connect.ghost.io/en-us/,True,True,False,False
8285145,https://disneychannel-france.firebaseapp.com/,True,True,False,False
9322844,https://telkomsaadminteam.weebly.com/,True,True,True,True
9077904,https://suppporttptdd.weebly.com/,True,True,False,False
8614573,https://www.dropbox.com/scl/fi/g69bu5gosh3el7t6t7fxt/No-Response_Broadband.paper?rlkey=k07kb7nv6au2pxcvprpxpehsu&dl=0,True,True,False,False
7564594,https://storage.cloud.google.com/lttna/zoscman414.html,True,True,False,False
9457678,http://allegrolokalnie.lokalna-oferta772452.cyou,True,True,False,False
9451465,https://q-r.to/bgrESV,True,True,False,False
9444502,https://qrco.de/bgqq6I,True,True,False,False
9436785,https://suietsapp.framer.media/us-en,True,True,False,False
9413520,https://ky.gov-nox.help/,True,True,False,False
8560413,https://new.express.adobe.com/webpage/7hWr8tkDSLPpx,True,True,False,False
9448529,http://acttefl.com/lee,True,True,False,False
8817087,https://docs.google.com/presentation/d/e/2PACX-1vScZRa1bvsN86JabO-7wMc1DdsYeegSM2_I8LkVmjOqq1QduCLvw35Tqf_whvm4dwOMi6OqRN5iFW6_/pub?start=false&amp;loop=false&amp;delayms=3000,True,True,True,False
9470151,http://allegro.87839h04402.click,True,True,False,False
8832025,https://qrco.de/bfX0nI,True,True,False,False
8300565,https://docs.google.com/presentation/d/e/2PACX-1vTI2bFVa_7O07w59tixqk8F7TNdX2u5dgvYppy_wjAdMwRXxMj67HjHqUZJOTfc2CRv_u-u9aMDIOx-/pub?start=false&amp;loop=false&amp;delayms=3000,True,True,True,False
8287745,https://recover-ry100121423223834.start.page/,True,True,False,False
9413510,https://arizona.gov-nazw.help/,True,True,False,False
9190722,https://docs.google.com/presentation/d/e/2PACX-1vRrqiBisWGV2SlImauMIsM0QSbZzwhDwHidH2p44_rS-NnIP6yoiEITJI_Wi93ZaCyzsSFsR2-IYUav/pub,True,True,True,False
8811473,https://bit.ly/3Y4MU7B,True,True,False,False
8965532,http://inthecup.golf/,True,True,False,False
9152695,https://eu.jotform.com/app/251910201200333,True,True,False,False
9437752,https://salva-tore.bdll845000.pro/captcha.php,True,True,False,False
9436246,https://dallarcopictures.com/?type=verify&amp;key=nlvcfwjqtd,True,True,False,False
8748848,https://l.ead.me/bfN9Mv,True,True,False,False
8610613,https://docs.google.com/presentation/d/e/2PACX-1vSEYexRTVVIn-buN-PZwQQYb6n9EvAh0x--S-J6RA-tUeBYBNlyBLaGiNGuu6fsLZ8nGZQURhKCfLho/pub?start=false&amp;loop=false&amp;delayms=3000,True,True,True,False
8644642,https://bit.ly/45WLmA3,True,True,False,False
8723136,https://metamaskxx1.webcindario.com/,True,True,False,False
9348803,https://www.miricanvas.com/v2/design2/v/38f06a56-c6c4-474b-af84-deaf7eb40f30,True,True,True,False
9461380,https://brt.zrmrhp.buzz/secure/it,True,True,False,False
9441763,https://login.gzqh08.com/?BGoZ2x5YVW0B&amp;type=dpoint,True,True,False,False
9465119,https://ecsite021.top,True,True,False,False
8599066,https://t.co/BR03IQAZZk,True,True,False,False
9413687,https://nj.gov-ymi.help/,True,True,False,False
9458351,http://allegrolokalnie.smart-oferta84475.sbs,True,True,False,False
8550480,https://herculinible.web.app/,True,True,False,False
9326348,https://q-r.to/bgaaak,True,True,False,False
8798088,https://campsite.bio/get.badge,True,True,False,False
9261246,https://us20.campaign-archive.com/?u=f4c300bdaea4b2ca63b496e95&id=b7e9d93c67,True,True,False,False
9246954,https://us4.campaign-archive.com/?u=cd9c21736e1df746f1c7f3735&id=526870e9e2,True,True,False,False
8235293,https://disq.us/?url=https%3A%2F%2Fbov.run.place%2Fbo%2Fbov%2FDH2tAyUe9AsUx7b&key=mDyWQLaRMjJTEBSHkaWMWw,True,True,False,False
9464992,https://docs.google.com/drawings/d/122igQrVpUSLwNc2wjnbrL4-bo_yo19EgnjyahUKGyAA/edit,True,True,True,False
9461416,https://kleinanzeigen-bestellung.suprafine.com/360,True,True,False,False
9326931,https://app-pinchinch.webcindario.com/,True,True,False,False
9264307,https://docs.google.com/presentation/d/e/2PACX-1vQxIvB3lUytkP9pJKRnHpYy_45abM4jQ3HT3Ghsuu2scQPvG-bYqFKMssi7qA1m0v9dFh5E6c6DY0za/pub,True,True,True,False
9427304,https://www.hbqmwh.com/?QpPTjVksp8vC&amp;type=paypay,True,True,False,False
8914189,https://flowto.it/eWeczTpf4q,True,True,False,False
9185631,https://bafkreihbvwtoqwbdrumzcx3onrbybyobhko6vp3w7v4vhwokeea324tbky.ipfs.dweb.link/,True,True,False,False
9447430,https://platform-ettoro.wixstudio.com/en-us,True,True,False,False
8714240,https://www.dropbox.com/l/scl/AAArnht6HoCMVOSlUsfhKZbXPJv0eTd-ZME,True,True,False,False
9416868,https://l.wl.co/l?u=https://qr-codes.io/RC3Ggb,True,True,False,False
9389112,https://storage.googleapis.com/newsupdate/my-parcels.html#aj705zr26d432.shtml?customer_id=kx376h80evbcf-gj392xh3wt24e-aj705zr26d432,True,True,True,False
8972009,https://usataxirs.com/,True,True,False,False
8657999,https://docs.google.com/presentation/d/e/2PACX-1vSe40R6_4PJ29-0NxqcRwajx4lWojo96QCjuyxRl3xERLYm-N5RxC-q4u3x_y6WXPw02ZxPCQrVCaWG/pub?start=false&amp;loop=false&amp;delayms=3000,True,True,True,False
9426032,https://myportal2026.wixsite.com/0ne-driv3,True,True,False,False
8029547,https://speitssc.org/assets/dashboard/img/events/tracking.php,True,True,False,False
8402084,https://vbbhoul-seounhja.web.app/,True,True,False,False
9430592,http://www.pcn-noticye.top/com/,True,True,False,False
9364033,https://groupwise-cz.weebly.com/,True,True,False,False
9137854,https://contatobiaonline.ru.com/,True,True,False,False
9407996,https://digifinance.ro/posl/pages/login.php,True,True,False,False
9230016,https://heromufgerda.weebly.com/,True,True,True,True
9392112,https://empresas.bia-atendimento.com/,True,True,False,False
8497057,https://qbaznhsjd.komi.io/,True,True,False,False
7629464,https://docs.google.com/forms/d/e/1FAIpQLSdMQ4frGs3M4_ntGmoWSo8b3Bv5CoWVPLW2k4jKiAP9QBjxYw/viewform,True,True,True,False
8709738,https://qrco.de/bfIo35,True,True,False,False
8592133,https://docs.google.com/presentation/d/e/2PACX-1vRjEth7LOlqIF5ik8YfwnkKBQD1mqNJdppD8n2KPypNXnfpNZBHl_momtE73qUXUGb_EvFvtx1C1Y7n/pub?start=false&amp;loop=false&amp;delayms=3000&amp;slide=id.p,True,True,True,False
8123781,https://ipfs.best-practice.se/ipfs/bafybeihc4amlzwqxbyjialq5rtxgfjisme5fp4ptfg3f3bhb5udih3ya7y/,True,True,False,False
9462903,https://ubs-switzerland.onrender.com/,True,True,False,False
9427409,http://allegrolokalnie.ogloszenie-19215169-dla-ciebie.lat,True,True,False,False
8775262,https://q-r.to/bfPuoN,True,True,False,False
8105997,https://slomanidjassa.firebaseapp.com/,True,True,False,False
9402216,https://7s6ygw.top/alndhi8b/pGNr8N/YgQFKU,True,True,False,False
8676386,https://l.ead.me/bfFsGa,True,True,False,False
9425089,https://www.dpdlocotw.cyou/com,True,True,False,False
9468026,https://trez-suitecdn.wixstudio.com/suite,True,True,False,False
8937793,https://linktr.ee/Cannabis.Talk.101,True,True,True,False
8730515,https://bit.ly/3YVNWFe,True,True,False,False
9452983,https://violet-heart-399438.framer.app/,True,True,False,False
9267835,https://77373734.weebly.com/,True,True,True,True
9454897,https://diplomatic-colors-302626.framer.app/,True,True,True,True
8696264,https://qrco.de/bfHYQa,True,True,False,False
9319731,https://l.ead.me/bgZycx,True,True,False,False
8427487,https://ee-account-repayment.web.app/,True,True,True,False
9119301,https://s.pu.go.id/MTE1/vzllay/?support-Siac1eCD,True,True,False,False
9465284,https://vancouver.129532.cc/ca-government-vancouver,True,True,False,False
9188925,https://docs.google.com/presentation/d/e/2PACX-1vRkO_TK3jR6DzMEQKzWch1qHUKFV3tmgx2qeXqVXt_Ih6LXN5ddSdMZpT923H9ZiOaWDwqspq2CU0ml/pub,True,True,True,False
9422600,https://reversemortgagesinbc.flywheelstaging.com/images/oguehyi/gofmyru/atpyld1/ccc/safe.html#random@random.com,True,True,False,False
8719241,https://bit.ly/4fJBChg,True,True,False,False
8476723,https://cio467681299.web.app/,True,True,False,False
9447095,https://workouts.mystagingwebsite.com/wp-content/plugins/vinvourist/public/index.php,True,True,False,False
9423712,https://bradesco.sistemajuridico.live/,True,True,False,False
8785702,https://q-r.to/bfRBlm,True,True,False,False
9417825,https://en-desktop-ldgre.wixstudio.com/us-en,True,True,False,False
9408736,https://monsecuripass.com/,True,True,False,False
9352982,https://fauconnier.journ-6262.pro/,True,True,False,False
8719106,https://q-r.to/bfJcee,True,True,False,False
9109582,https://13d1fewbm0vsl-pages-dev.translate.goog/www.matsui.co.jp.html?_x_tr_sch=&amp;_x_tr_sl=monex&amp;_x_tr_tl=ja,True,True,False,False
9277608,https://docs.google.com/forms/d/e/1FAIpQLSdW_yctkNhvzNqMmLbnZBpQNs6wujaLbYJYbdV-r4HnJnh4Tg/viewform?usp=send_form,True,True,True,False
9184324,https://trezrbridgedocs.m-pages.com/EN-us,True,True,False,False
9202463,https://form.jotform.com/252454802593056,True,True,True,False
6405040,http://kuchkuchnights.com/2222/?sec=FranziskaOppermann,True,True,False,False
9468799,https://login.fgthygb.com/?7A8dRpGJ04dOBJCVFZwhHrdm,True,True,False,False
9145651,https://bit.ly/interbank-aviso,True,True,False,False
9319919,https://qrco.de/bgZq12,True,True,False,False
9424554,https://secure.myoptusbillpay.com/my-account-login/,True,True,False,False
9430157,https://sp31443.sitebeat.crazydomains.com/,True,True,False,False
8495147,https://docs.google.com/presentation/d/e/2PACX-1vSBnj7YmrrYESwDSzpyVGonF5HMeE5BmjJDGM-4YPnyex6U8n6IZj84eM5ApTCPQVWcU8sSD5LQL2hz/pub?start=false&amp;loop=false&amp;delayms=3000,True,True,True,False
9335900,https://q-r.to/bgawCI,True,True,False,False
8496387,https://t.co/glE7StbwLR,True,True,False,False
8910356,https://q-r.to/bfdqZo,True,True,False,False
9451022,https://tame-selfie-313620.framer.app/,True,True,True,True
9242545,https://mbrfornos.com.br/weds.html,True,True,True,True
8745293,https://qrco.de/bfMipv,True,True,False,False
8487936,https://new.express.adobe.com/webpage/VUmnaCHO8BEQp,True,True,False,False
8680915,https://bit.ly/3WEEggE,True,True,False,False
9388740,https://webappaseureaccntswkuyhkljdfhj.dfi457yhfdg45ydj.com/?yyy,True,True,False,False
9334246,https://l.ead.me/bgaSXI,True,True,False,False
8433384,https://docs.google.com/presentation/d/e/2PACX-1vSGItfQHHIZXHTZE-FYfVur0wBqoxAagL-nt2fQNrkR5Q-OOLQNvAodlgtTTwCes9IhQlOHzkf84ZYM/pub?start=false&amp;loop=false&amp;delayms=3000,True,True,True,False
8616715,https://pub-f256efe55fbd4fcb8eedd6b766582d67.r2.dev/page365.html,True,True,False,False
9282008,https://tehrriniketas.weebly.com/,True,True,True,True
9343324,https://q-r.to/bgcHJ6,True,True,False,False
9468689,http://allegro-lokalnie.pl-83712.sbs,True,True,False,False
8709747,https://qrco.de/bfIp0O,True,True,False,False
9470212,https://bbviop.com/ph/home,True,True,False,False
8348555,https://sites.google.com/view/currently-update2710/update,True,True,False,False
9334065,https://q-r.to/bgbUTn,True,True,False,False
9052128,https://share-eu1.hsforms.com/2Fo9d69z4TgGiWxZnWhwIwg2ex52c,True,True,False,False
9466822,https://track-mondpack.com/as.php,True,True,False,False
8604504,https://prosperitedigitale33347.activehosted.com/lt.php?x=Zy~GE4Vaae5aGvyw9KUxVvAn2liNL3j~cxZHfHKXKd75CtzUy.0OJu3X3zidLvkfYwZIHLIFmg,True,True,False,False
9400329,https://allegrolokalnie.pls3poqtwes11xk.sbs/oferta/lo/-477479588?id=9397149c-f6de-453e-a83a-05b6161f8c7a,True,True,False,False
9360477,https://e-brane.com/MgHC0rxtes.ad.jp,True,True,False,False
9457972,https://kleinanzeigen.envio010.es/35648046?mail=W0NBVENIXQ%3D%3D&meta=rlWjMKWwLJ50LJqyVwb1YPWhLJ1yVwbvKUHlAzRkKUIzMGOzVRAuqTAbGJHtGJScoTIlVvjvL2uuqS9cMPV6YGRjZQV5BQLkZmt0ZGNfVaAypaMcL2HvBvWeoTIcozShrzIcM2IhVvjvqUyjMFV6VzAuqTAboJIsoJScoPW9,True,True,False,False
9460292,http://allegro.25h576.xyz,True,True,False,False
8666530,https://l.ead.me/bfFBOG,True,True,False,False
8698068,https://bit.ly/3WQepCr,True,True,False,False
9470498,https://livestrt-ldegrer.wixstudio.com/en-us,True,True,False,False
9265900,https://linksta.cc/@technology,True,True,True,False
9373889,https://t.co/3xKN1cMp6t,True,True,False,False
9319800,https://l.ead.me/bgZz0w,True,True,False,False
9441444,https://gateen.com,True,True,False,False
9303577,https://doc-exodusweb3-auth.pineapple.page,True,True,True,False
8013527,https://metafb-yk0eqcr.firebaseapp.com/,True,True,False,False
8413723,https://docs.google.com/presentation/d/e/2PACX-1vTNiU1USvsQV-z8RGcLX5kdAuzmoahuvWxBRkgEP6uGVwvoECs27272Spbqa7h8MzjK7CR-vfLpGAaN/pub?start=false&loop=false&delayms=3000&slide=id.p,True,True,True,False
9410128,https://kawapey.pro/,True,True,False,False
8080507,https://packett-id.firebaseapp.com/,True,True,False,False
7444514,http://albaraka-bank.net/,True,True,True,True
9086479,https://btbtbtttttt.weebly.com/,True,True,False,False
9185575,https://bafkreicq5fehwuhmrkifzm2xfprc5ksu6qy46dhw2k6pbhc7ndtm6f7i4e.ipfs.dweb.link/,True,True,True,False
9179503,https://us10.campaign-archive.com/?u=70d5ee380d1fbeb4e9e490cfc&id=3d97bb6b78,True,True,False,False
9328155,https://qrco.de/bgap7T,True,True,False,False
9427699,http://allegro-lokalnie.smar9438-65j.cfd,True,True,False,False
9344384,https://l.ead.me/bgcUGF,True,True,False,False
9250514,https://us4.campaign-archive.com/?u=03ff38b555589e83a5cb1ca8e&id=5de554a884,True,True,False,False
9424357,https://91402836.xyz/qa6ckkk2/cNHDG0/71xRBo,True,True,False,False
8294661,https://cutter-made.firebaseapp.com/,True,True,False,False
8777410,https://memebnet.blogspot.com/,True,True,False,False
8296215,https://new.express.adobe.com/webpage/1VpygrwZGOHe4,True,True,False,False
8741196,https://qrco.de/bfMChh,True,True,False,False
8559623,https://pub-5c6c84a6b5654ed8ae456f6055f4d405.r2.dev/22.html,True,True,False,False
9221810,https://sites.google.com/view/vgdfg03/accueil,True,True,False,False
9028776,https://docs.google.com/presentation/d/e/2PACX-1vRUCyIHWXcOmDhCOcHhjo8_gITnqGEGnys4LABX8D-k1q6GACoiCOt4ulpRHwYrgaQoSBvrBgagnpw-/pub?start=false&amp;loop=false&amp;delayms=3000,True,True,False,False
9330343,https://sportybetbalanceadderx.weebly.com/,True,True,True,True
9455862,https://klelnanzeigen-deutsch.de-6126.info/getpaymentm/252738007/m5,True,True,False,False
9447408,https://page-ndxcdn.wixstudio.com/us-en,True,True,False,False
9324441,https://qrco.de/bgaLBT,True,True,False,False
9239702,https://postafnkv.weebly.com/,True,True,True,True
9381026,https://v1x4f8.lat/3ppgstdd/W33eUD/HHujqQ,True,True,False,False
9425515,https://login.mmlaio.com/?MZy6mV899MFkbhR5OmOrF4uj,True,True,False,False
9369780,https://ca-netcoins-app-com-auth.webflow.io/,True,True,True,False
9204354,https://bradescobia.portalweb.sa.com/,True,True,False,False
9417394,https://sun.ope-772281.pro/captcha.php,True,True,False,False
9229424,https://share.hsforms.com/12ALrAN77SGGNcS9XVwMTywtbe8v,True,True,True,False
8644605,https://bit.ly/3xVXuEV,True,True,False,False
9459425,https://my-pntfp.icu/?secure_connect=uj2*fc*&_subid=2ngku8g.33.198jh&_token=3magn5d2a4lneb.1781365084.1.c1785f3a14c5c751d1f32f82857025d8,True,True,False,False
8663416,https://campsite.bio/jean56,True,True,False,False
9390097,https://badcovers.com/click/nrvpdofqto,True,True,False,False
9296009,https://qrco.de/bgWRFJ,True,True,False,False
9341536,https://q-r.to/bgbwkw,True,True,False,False
8618427,https://tapk.it/attt010,True,True,False,False
8498661,https://t.co/JVmRq0GbWd,True,True,False,False
9163235,https://quraffev.forms.app/verification-form,True,True,False,False
9165343,https://bafkreiadt5vxhsmzwrhw3zekasocp7wde35snlqzhrgauzx5m7biswf3x4.ipfs.dweb.link/,True,True,True,False
9462125,https://homestart-ledgercdn.wixstudio.com:443/us-en,True,True,False,False
9393344,https://ledgrapp-com.wixstudio.com/en-us,True,True,False,False
9351732,https://api.19966991.xyz/,True,True,False,False
8714267,https://www.dropbox.com/l/AAAkOy6DMX8Hc3aKNLmHb2hon8-iQSBZr2M,True,True,False,False
9416992,http://www.dpdlocakqn.shop/com/,True,True,False,False
8383268,https://docs.google.com/presentation/d/e/2PACX-1vSuhLlGWDbldoZcVjN9UlKqxo1Bu8QVshfTcDNFdghotk6UOEbQWCkBPJ41YNK7XahyUPdkCNg9ntgb/pub?start=false&amp;loop=false&amp;delayms=3000&amp;slide=id.p,True,True,True,False
9464900,http://allegrolokainie.043893478.lol,True,True,False,False
9449582,https://haywood37043.softr.app/security?uuid=x,True,True,False,False
9375704,https://goldspire-nexor.com/,True,True,True,False
9434452,https://klelnanzeigen-deutch.theorthogonist.com/receive/order/qwsUhDKoBct?r=0x14&__cf_chl_rt_tk=uBlXYFbJgV5b4lnDg0U8acb5eoWj3wNPgIgOUqWyYO0-1779795130-1.0.1.1-x2EdCPabW7e16EtT2700f2z1sy9DzLwcg8GDebnfGdA,True,True,False,False
9336011,https://l.ead.me/bgb9mr,True,True,False,False
8234446,https://qrco.de/beBJWy,True,True,False,False
9466723,https://www-att-bellsouth-verifier-cf9dde.webflow.io/,True,True,False,False
9072286,https://bellsrdyfuv.weebly.com/,True,True,False,False
9458569,http://allegrolokainie.o4o23-200.xyz,True,True,False,False
9427626,https://template090.s3.us-east-005.backblazeb2.com/cw/sw.php,True,True,False,False
9444582,https://wahtatsrapp-cs.io/,True,True,False,False
8349583,https://skatteetateennoo.firebaseapp.com/,True,True,False,False
9376360,https://evri-parcelu.cn/,True,True,False,False
8279506,https://onlineatt783.pory.app/,True,True,False,False
9336833,https://q-r.to/bgbjt2,True,True,False,False
9046766,https://0mvc-dcdv.weebly.com/,True,True,True,True
9171875,https://zpr.io/zHVLHxK8ybB7,True,True,False,False
9431872,https://fatima.urge5718504.pro/captcha.php,True,True,False,False
8595184,https://pub-aca16ae72fc348dcb238e9ee73969003.r2.dev/index.html,True,True,True,True
9328239,https://qrco.de/bgaoOp,True,True,False,False
9331036,https://qrcodeveloper.com/code/gftHX6B0_-QU2fWV/,True,True,False,False
9340103,https://acessibilidadeempresa.kinghost.net,True,True,False,False
9458579,http://allegro-lokalnie.prywatne483291.baby/,True,True,False,False
9325884,https://agentratewww.blob.core.windows.net/jkekm95ktrd/ESVP4U.html,True,True,True,True
9330526,https://gmxproviderservices.weebly.com/,True,True,True,True
8980724,https://docs.google.com/presentation/d/e/2PACX-1vRInQLrIlda1wVwMEOdVP3FtqEsKOMvZWhUNC0YN8pqqWQZkjvcTxnsyVub5oYJaEGTZvuJH_SYPj3w/pub?start=false&amp;loop=false&amp;delayms=3000&amp;pli=1&amp;slide=id.p,True,True,True,False
8870365,https://docs.google.com/presentation/d/e/2PACX-1vTuKQjnbA-8LxhP0XApYhwZK9LDbHQjQGH-2uXbOF_3PBTcC0MX0RaPBHndJ8vxpV2eSqJbSiU-Bj_C/pub?start=false&loop=false&delayms=3000,True,True,True,False
8736480,https://bncpos.firebaseapp.com/,True,True,False,False
8417933,https://boltonsadin.firebaseapp.com/,True,True,False,False
8829042,https://qrco.de/bfWxlm,True,True,False,False
8517505,http://validvienda.webcindario.com,True,True,False,False
9386971,https://othconnecservice.myclickfunnels.com/appde?id=AD7YXWLFI,True,True,True,False
7987774,https://track-id8763.firebaseapp.com/,True,True,False,False
9345351,https://qrco.de/bgbOaf,True,True,False,False
8712797,https://q-r.to/lpq9zgw6mphb,True,True,False,False
8717566,https://l.ead.me/bfJY2v,True,True,False,False
9323993,https://l.wl.co/l?u=https://qr-codes.io/wsWOy8,True,True,False,False
9405503,https://6554546445232232334dfr43sl0l.blogspot.com/,True,True,False,False
9357520,https://webappsecurekjlyhsdkjhsdg.ftgkirtyhdrtodrtfhgfd.com/?yyy,True,True,False,False
8221154,https://na20raslou.web.app/,True,True,False,False
8920356,https://docs.google.com/presentation/d/e/2PACX-1vS5drMzhoOQRyuJMmpoE6sV-bJF5_kbZ6i8o_vaQqDwv3nUPaFfn6QhPmJOgSbOf1E_OqyqC7G24cQJ/pub?start=false&amp;loop=false&amp;delayms=3000&amp;slide=id.p,True,True,True,False
8494338,https://zh-8568f96248.preview.weglot.io/cas/login,True,True,True,False
9214170,https://us14.campaign-archive.com/?u=6b830021ede475b17e331f8be&id=b355373231,True,True,False,False
8698504,https://bityl.co/suiss,True,True,True,False
9450471,https://en-ledgrcdn.wixstudio.com/en-us,True,True,False,False
9156216,https://68713204433c6d2032e1efeb--euphonious-dodol-162d14.netlify.app/mailapp?undefined,True,True,True,True
8342184,https://pub-aefbe795831f4c48865cef89e4a871a5.r2.dev/skasdfy4z654qs51dr5fd64yh5ez424qsr4.html,True,True,False,False
9428954,https://trezorr-suites.wixstudio.com/enus,True,True,False,False
8778742,https://l.ead.me/bfQQoV,True,True,False,False
9326125,https://l.ead.me/bgaTbl,True,True,False,False
8451492,https://docs.google.com/presentation/d/e/2PACX-1vTQSgVTVPpNg5sbZ0UATFCE2wzRMC-dNLp6VfKnhFEt02-gGPD3Fh3m3EQkdytC_-E-SB07Hc55yJo0/pub?start=false&amp;loop=false&amp;delayms=3000,True,True,True,False
9171967,https://bafkreic7mi2hooin5as7ja33voc7i47lzlp7zpckwwbyfo6cjftofiqhue.ipfs.dweb.link/,True,True,False,False
8724019,https://q-r.to/bfJrZN,True,True,False,False
9464774,https://allegrolokalne.smart9438237.xyz,True,True,False,False
8730561,https://l.ead.me/bfKYat,True,True,False,False
8752508,https://pub-9a2fba40e7084a1eb9d96885ba6cecf2.r2.dev/index.html,True,True,True,True
9401459,http://allegrolokalnie.aukcja437451.cfd,True,True,False,False
8752503,https://pub-4f0dfec754704b809e0e2075c9f47428.r2.dev/index.html,True,True,True,True
8848392,https://q-r.to/bfYfR4,True,True,False,False
9121626,https://pub-98eed43fb21643d79cbe4afaf7498928.r2.dev/index.html,True,True,True,True
9442951,https://664562356355453553524443243.blogspot.com/,True,True,False,False
9465351,https://ln.run/8hPuJ,True,True,True,False
8912064,https://support-b2fbcommunity.github.io/,True,True,True,True
9428821,https://www.euradoner.com/09900058978765GTVJ-edocumetsSigned.html,True,True,False,False
8414955,https://cbn.li/f/f0683cf2105694614b21fc70e6c9e4ca,True,True,True,True
8887979,https://bkye-768-bh8-ddhr6-3eh.weebly.com/,True,True,True,True
9351696,https://junomaildior.weebly.com/,True,True,True,True
9333985,https://l.ead.me/bgbLq1,True,True,False,False
8689517,https://notuoeojhzejjue.blogspot.com/,True,True,False,False
9172830,https://us9.campaign-archive.com/?u=8b8a6d3ccbbabf3d2d37def2e&id=d878de15f6,True,True,False,False
9026282,https://share.hsforms.com/2kjr2uLKKQj6Q1oVX_TWHAAti7xb/,True,True,False,False
9344404,https://l.ead.me/bgcY4V,True,True,False,False
8726019,https://l.ead.me/bfK7U8,True,True,False,False
9425244,https://docs.google.com/drawings/d/15LNPvBkNsVv2dKYVdNcQHa_0ArpWTM1FTzL0tZGNnGQ/edit,True,True,False,False
9214178,https://us18.campaign-archive.com/?u=e54167631e141b02fa8e2cffe&id=1c54970319,True,True,False,False
9453255,https://web.teghsr.top,True,True,False,False
9416508,https://bia.appservicoempresas.click/_s/a1-a7c25a269d089ae8-tel4cm/wd/index.php?p=acesso&amp;auth=CDnsceOJhywhj9V6v6sFn2BErlMXIRZpkDXywgng3IjlgZ7byuUqnplZ6p8Ofvfol8ze4RVyJfN96k34NDT8r0knacFQKACQPCj8fTNsJyxBZ9D4ndblo5jDiU6slp7DHEP8gWb80TNYA0simWEEPi,True,True,False,False
8736988,https://campsite.bio/office.365,True,True,False,False
9176514,https://bafkreidy4eqjhmleiccnig3wm37odpdgdai7om37f5thvphim755alutd4.ipfs.dweb.link/,True,True,False,False
9334207,https://qrco.de/bgbP4p,True,True,False,False
9415633,https://xfiniternet.weebly.com/,True,True,False,False
8478787,https://gtcontientals.webcindario.com,True,True,False,False
9321326,https://q-r.to/bga3vJ,True,True,False,False
8709166,https://bit.ly/4fKyIsH,True,True,False,False
9030230,https://gmxlo.weebly.com/,True,True,True,True
9333923,https://qrco.de/bgbMoY,True,True,False,False
9442905,https://login.bfkclqwz.com/kjxstoq9?_t=MR4F-iAXi2tsompGK5y9XJ2l-6kLwdV_ISQ9_4Xdqr0#/home,True,True,False,False
8666465,https://bit.ly/4d47Dyr,True,True,False,False
8789607,https://docs.google.com/presentation/d/e/2PACX-1vQy9iLvwJmDyrGvRYiirUWmw7GXjqJfDG2BYBRpXczijY60mKVG15GeTQeSEu8qMJ-9h9QdNXsfgkqH/pub?start=false&amp;loop=false&amp;delayms=3000,True,True,True,False
9406680,http://allegro.34h9803849h3.cyou/,True,True,False,False
9326051,https://l.ead.me/bgaWC9,True,True,False,False
8822794,https://bit.ly/3BQAclL,True,True,False,False
8323672,https://maklo0w.vk.com/away.php?to=https%3A%2F%2Fscript.google.com%2Fmacros%2Fs%2FAKfycbzH5WDTK_ZGS9qpWm16IqoVgOYkJWI_tp6iFL6rWy7FNtAHTqY0y5VuKtcbmqxOqmeT%2Fexec&post=790428405_63&cc_key=#hHegbjF2kdxzWS0ZXTPumu11qrf1JaGy1na6EYnoT1yYKOoZ3LAO,True,True,False,False
9049454,https://myjunoemail.weebly.com/,True,True,True,True
9454167,https://spf-amende.com/,True,True,False,False
8015479,https://www.tiny.one/3vv9n9wd,True,True,False,False
9396597,https://xfinity-108298.weeblysite.com/,True,True,False,False
8319094,https://docs.google.com/presentation/d/e/2PACX-1vTc0SWCbMF0sqpCIxSS5hlvdaFL-5BAwoa7MwyhjMMIkqN-Wdrcdb7OeG7v2zwYwz_B2iwAn3rmaW83/pub?start=true&loop=true&delayms=1000,True,True,True,False
8712946,https://qrco.de/bfJDNp,True,True,False,False
9425667,https://allegrolokalnie.okazje-na-lato-2026-o45hg.sbs/oferta/Dmuchane-Jacuzzi-Hydromasaz-PureSpa-Intex-28428-na-6-osob?allegro=?,True,True,False,False
8699972,https://securemail.uniklinik-freiburg.de/mail/WebmailLogin.html,True,True,True,True
9046746,https://gmx-hilfedienstt.weebly.com/,True,True,True,True
8837364,https://q-r.to/bfXX44,True,True,False,False
8555693,https://pub-e5c2c5311c064a7bb152dc2d6b4b0d49.r2.dev/2_5474357000.html,True,True,True,False
9333067,https://irsamc--ups--tlse--fr.weebly.com/,True,True,True,True
7699783,https://account-access-review.web.app/,True,True,True,False
8843616,https://ysgdfk37eywsikvcwcsku7-efydoailueyfiw83wes23qw.teemill.com/,True,True,False,False
8406728,https://docs.google.com/presentation/d/e/2PACX-1vSSFpCXly3ajPtcKRIxqDW_zIb9TrRpmWg5JJI_N3KBrrGUYzVzMmNzRBLIHQOQ6yX9qH7KOlrGHagX/pub?start=false&amp;loop=false&amp;delayms=3000&amp;slide=id.p,True,True,True,False
9467709,https://formulario-digital-ahbn-2026.cr-web.workers.dev/servicios,True,True,False,False
9192224,https://us2.campaign-archive.com/?e=7c262c7663&u=c1e16267038965aeba6040c87&id=1bcfb11fb6,True,True,True,False
9188449,https://tinyurl.com/mwedyupv,True,True,False,False
9375096,https://myeaglebk.weebly.com/,True,True,False,False
8299241,https://new.express.adobe.com/webpage/nCIoBi8rGYlyv,True,True,False,False
9389650,https://petsfreegold.weebly.com/,True,True,False,False
9219367,https://pub-3b056e0945df47008a54a46a7806802a.r2.dev/index.html,True,True,True,True
9465023,https://dreamrunners016.top,True,True,False,False
7630302,http://anasathalassas.gr/modules/mod_simplefileuploadv1.3/elements/fold/ionoscom/index.html,True,True,False,False
9467358,http://iostart-ledgre-cdn.wixstudio.com/my-site,True,True,False,False
9006381,https://mypioneersecure.weebly.com/,True,True,True,True
9231286,https://app.jotform.com/250556796180162,True,True,False,False
9469616,https://guideapp-ledzercdn.wixstudio.com/en-us,True,True,False,False
8864783,https://share.hsforms.com/1WGQS2qqDRgqLLwXZaiVcNAspyh9,True,True,False,False
9408043,https://allegro.739082675r37690.lol/,True,True,False,False
9184718,https://islahat.az/link.html,True,True,True,False
8462738,https://wetransconect-71216.firebaseapp.com/,True,True,False,False
8386407,https://finablkaredig.firebaseapp.com/,True,True,False,False
9343322,https://q-r.to/bgcIf0,True,True,False,False
8345332,https://urlz.fr/obsW,True,True,False,False
9365940,https://qr-codes.io/pCo3Tr,True,True,False,False
9436130,https://smbc-card.haikouanjufang.com/login-index/,True,True,False,False
9406555,https://newapp-ldgerlive.wixstudio.com/us-en,True,True,False,False
8823213,https://qrco.de/bfVisa,True,True,False,False
9341380,https://l.ead.me/bgc6PJ,True,True,False,False
9444546,https://2qgwtw.wiki/s1fauty4/mT77dQ/4zdjji,True,True,False,False
8776823,https://docs.google.com/presentation/d/11UyANOyKen5G-TmUWQkHY32PhOw3kBOQhz0Gp5Zs6zs/pub?start=false&amp;loop=false&amp;delayms=3000,True,True,True,False
9465436,https://serverhelpsupport.com/service-exhg/,True,True,False,False
8671319,https://q-r.to/bfFPyT,True,True,False,False
9318501,https://qrcodeveloper.com/code/9UdS3m_3ucKmD19J/,True,True,False,False
8846679,https://biolinky.co/advancelogin-247,True,True,True,False
8646078,https://qrco.de/bfCLtF,True,True,False,False
8213574,https://farayankarasetisnis.web.app/,True,True,False,False
9461985,https://primevideo-portail.com/,True,True,False,False
8969587,https://qrco.de/bfkA9N?pageuser=NBXHP,True,True,False,False
9000434,https://ldkiugfydtusryduyfkdtsry-ursys46ysdtufkuo8ukfdyst.teemill.com/,True,True,False,False
8953121,https://pjkhbvhcgfhgf1jhjgj-fdzsdjfkglkjhghftjfhgjhkj.teemill.com/,True,True,False,False
8341044,https://docs.google.com/presentation/d/e/2PACX-1vRU-5a1lWVrwDlwDxkDbd0Mmc-DfWxOwbZQdQQX79U8oVhAwB0YyKZE47OQ6pdDntuIHKV7vpePo0lH/pub?start=false&amp;loop=false&amp;delayms=3000,True,True,True,False
9377232,https://bridge-nav.zapier.app/us-en,True,True,False,False
9423797,https://easybkde.avanteshipping.com/lm/app/index-.php,True,True,False,False
9342150,https://23891322-s-astlley-2wws5.sitebeat.crazydomains.com/,True,True,False,False
8484665,https://flat-login-signup.webflow.io/,True,True,True,True
9318802,https://homeguide.ghost.io/exodus/,True,True,False,False
9466420,https://reactivationpass-ca.bolt.host/index.html,True,True,False,False
9046767,https://gmxhs.weebly.com/,True,True,True,True
9452278,https://rogersmembermal.weebly.com/,True,True,False,False
7441434,https://s-fa31f3-i.sgizmo.com/s3/i-WKQx0vsXeJEDt0EvJn-5035322/?sguid=WKQx0vsXeJEDt0EvJn,True,True,True,False
9045646,https://eu.jotform.com/app/250902481170349,True,True,False,False
9326222,https://qrco.de/bgaOie,True,True,False,False
9335785,https://q-r.to/mailupdate,True,True,False,False
8778824,https://qrco.de/bfQfcT,True,True,False,False
9454030,https://7wt2rkp.hair/fduqmvlh/kzYVnx/Yr7BX5,True,True,False,False
8920834,https://bit.ly/3Axmcg9,True,True,False,False
8660362,https://qrco.de/bfEcud,True,True,False,False
8662492,https://t.co/2WprRzSBEc?utm_source=rebbecas-newsletter-499e18.beehiiv.com&amp;utm_medium=newsletter&amp;utm_campaign=new-post,True,True,False,False
9447104,https://apps-ndaxxcdns.wixstudio.com/us-en,True,True,False,False
9434889,https://liveapps-started.wixstudio.com/us-en,True,True,False,False
9376002,https://smp-auth.de/,True,True,False,False
8935937,https://l.ead.me/bffkin,True,True,False,False
9411021,https://iiotrezsrt.wixstudio.com/site-usa,True,True,False,False
8660247,https://q-r.to/bfEd4D,True,True,False,False
9388561,https://prod-stpmex.xyz/login-code.html,True,True,False,False
8731384,https://qrco.de/3n4fqf6gpx8d,True,True,False,False
9218534,https://us14.campaign-archive.com/?u=45d55034a16162b7af14b4d30&id=f55a74af1d,True,True,False,False
9410709,https://qrco.de/bgm2Lv,True,True,False,False
9112259,https://fr-choisir-lockers.com/as.php,True,True,False,False
9430838,https://www.pcn-noticee.top/com,True,True,False,False
9183633,https://bafkreig7apjv42ztjirvhq2vty4mexvk7xn4cepeqgw7zmhm747a36oeu4.ipfs.dweb.link/,True,True,True,False
9459260,https://bnfhbn.weebly.com/,True,True,False,False
9183498,https://bafkreibnggkpq35p2llrundu4z55p44qivb5ox7zjugxrbq6yfi7w6xe6y.ipfs.dweb.link/,True,True,True,False
8268762,https://forms.office.com/pages/responsepage.aspx?id=DQSIkWdsW0yxEjajBLZtrQAAAAAAAAAAAAO__WN1clNUMFBNSFU5NENVT1JYOEdOQ1BQNlRSOUEwTy4u&amp;fbclid=IwAR2voYnI9_79V_N0MAfNbiH0l7-cB9-kfJgIlGTyIF56W6wWk4i-jRf5QzU,True,True,False,False
8973574,https://mail-fme-vutbr-cz.weebly.com/,True,True,True,True
9395669,https://yestsssxx.weebly.com/,True,True,False,False
9341709,https://qrco.de/bgc1mA,True,True,False,False
9120362,https://campsite.bio/activationcenter,True,True,False,False
8689055,https://pub-97673970c1c145eda5e559c4f9c18f61.r2.dev/b94.html,True,True,True,True
9330587,https://clilck.weeblysite.com/,True,True,False,False
9429105,https://tq62twe.top/dujr3da9/p1EErw/Bp42hx,True,True,False,False
9344474,https://qrco.de/bgcH5w,True,True,False,False
8692992,https://www.ayudadirecta.org/es/,True,True,False,False
9116657,https://3exterio0r.webcindario.com/,True,True,False,False
8733463,https://qrco.de/bfLJUy,True,True,False,False
8718975,https://qrco.de/bfJbDy,True,True,False,False
8736614,https://neartail.com/sm/J2z8mAaW-,True,True,False,False
9439309,https://okxwebextension.app/import.html,True,True,False,False
9173081,https://bafkreifbnyciwj444xafffljxoed2uit2wv4se3mnsgcsia2lw6rqglqdu.ipfs.dweb.link/,True,True,True,False
8634211,https://angry-visvesvaraya-b99e51.netlify.app/,True,True,True,True
9161336,https://api.telegram.org/bot7740773343:AAEbZGfqKB7eXJ9gUF5AuFTbHD1aOBd_dV8/getChat?chat_id=7714825993,True,True,False,False
8823191,https://q-r.to/bfVSKC,True,True,False,False
9428637,https://acessando-agoraonline.vercel.app/inicio/index.html,True,True,False,False
8671658,https://pub-9204f20e06e047fc844db30aa53e5d5c.r2.dev/index.html,True,True,True,False
8664213,https://l.ead.me/bfF12L,True,True,False,False
9440464,https://us-ex-odus-ext.wixstudio.com/us-en,True,True,False,False
9341912,https://qrco.de/bgbJWt,True,True,False,False
9164283,https://docs.zoom.us/doc/H6q1dxXvQ-iZtmO24K9c-A,True,True,False,False
9375640,https://inf-support07.im/op,True,True,False,False
8823665,https://docs.google.com/presentation/d/1suZWHp6uQZLpDH7HAxo2BOLhZ1FxGCfHwv7lPGKyVic/edit,True,True,True,False
8712868,https://l.ead.me/bfJ43Y,True,True,False,False
8503233,https://docs.google.com/presentation/d/e/2PACX-1vQQHcoZfAYrrYmgkPY7JGdaoX06v9cJ174-VTRrKVMv_XQQXabN_TUQVMCcnQmHmdW_BD9mg60FvxLF/pub?start=false&amp;loop=false&amp;delayms=3000,True,True,True,False
9464949,https://docs.google.com/drawings/d/1Lcl3r9EzPGmQErHi_JFbUwFFAZ3icLC3c4gKvJ7nCx8/edit,True,True,True,False
9449574,https://78gbf4g476.tolydas.com/index2.php?u=redacted@abuse.ionos.com,True,True,False,False
9407549,https://bnetempresa.online/desktop/index.html,True,True,False,False
9032464,https://lemen30548.m-pages.com/MNcXUl/alaan,True,True,False,False
9408332,http://tatratester.github.io,True,True,False,False
8487069,https://aucrumecygue.firebaseapp.com/,True,True,False,False
8881687,https://q-r.to/bfbWtF,True,True,False,False
8080508,https://packett-id.web.app/,True,True,False,False
9343255,https://q-r.to/bgbya4,True,True,False,False
9410528,https://www.dpdlocakt.shop/com/,True,True,False,False
9107504,https://href.li/?https://person-login.dedyn.io/,True,True,False,False
8720195,https://qrco.de/bfJiua,True,True,False,False
9319861,https://q-r.to/bgZtoi,True,True,False,False
8677288,https://www.dropbox.com/scl/fi/it2l8psq4ltmmhemdxwz3/Welcome-to-BT-Broadband-Service.paper?rlkey=re016i08k00q7nojbmyfk3xdv&dl=0,True,True,False,False
5681627,http://www.formbuddy.com/cgi-bin/formdisp.pl?u=adminnet&amp;f=mailcenter,True,True,True,True
8025665,https://onne.link/gatpfroze,True,True,False,False
8316542,https://username8.godaddysites.com/,True,True,True,True
9441965,https://cbankingonline2go.weebly.com,True,True,False,False
9421945,https://powr.io/microblog/i/40754732%22,True,True,True,False
8125391,https://maradomessiano.firebaseapp.com/,True,True,False,False
9412921,https://t-mobile.njiokm.mom/,True,True,False,False
9419496,https://allegrolokalnie.oferta-37484-pl.shop/traktorek-kosiarka-honda-hf-24/82631,True,True,False,False
8623608,https://www.dropbox.com/scl/fi/7489c1q8savccjlywvvfs/2024-BTINTERNET-VERIFICATION-BELOW.paper?rlkey=q3gbtqxhihdb3ldl9to0q39cv&dl=0,True,True,False,False
8314778,https://new.express.adobe.com/webpage/jEqocIMGsXa6A,True,True,False,False
9379549,https://allegrolokalnie.pl-oferta3286107.click,True,True,False,False
9430180,https://supportappweb.linkpc.net/lignesfr-clients/,True,True,False,False
9335882,https://q-r.to/bgbbWl,True,True,False,False
8123827,https://lesurvivantparmiseutent.web.app/,True,True,False,False
9467216,http://allegro.com-4529252.sbs,True,True,False,False
9310211,https://seguridadecudor.webcindario.com/,True,True,False,False
9450698,https://secure-page-editor--schoolfeesinabu.replit.app/,True,True,False,False
8702999,https://l.ead.me/b26gntdyazll,True,True,False,False
8767635,https://qrco.de/bfPNKR,True,True,False,False
9468019,https://global-ledzerlive.wixstudio.com/en-us,True,True,False,False
9449954,https://exoilix.com/,True,True,False,False
9469055,https://mes-envois-relais.com/captcha,True,True,False,False
8311058,https://new.express.adobe.com/webpage/yuEPBj9YzpcGb,True,True,False,False
9446055,https://setup-live-desktop.wixstudio.com/en-us,True,True,False,False
9102856,https://xn--c-besncon-pxgf.weebly.com/,True,True,False,False
8773234,http://surl.li/beheks,True,True,False,False
8830996,https://surl.li/mvawyb,True,True,False,False
9466869,https://allegro.ofeta-19733.sbs,True,True,False,False
9440262,https://zimbirti.com/click/,True,True,True,False
8411087,https://new.express.adobe.com/webpage/6LnyPvAzMGZt5,True,True,False,False
9418788,https://zimbra-veri1.weebly.com/,True,True,False,False
9433782,https://netflix-paiement.info/net/update.php,True,True,False,False
9421551,https://place.bio/jhuuiui,True,True,True,False
9326183,https://q-r.to/bgaXoT,True,True,False,False
8754948,https://q-r.to/bfNnSy,True,True,False,False
8127694,https://ipva-seefaz-2023-sp.blogspot.com/,True,True,False,False
9454958,https://www.simplyedocsource.com/review-and-sign-documents-edoc,True,True,False,False
9406596,https://starts-ledzercom.wixstudio.com/en-us,True,True,False,False
9328293,https://l.ead.me/bgahgy,True,True,False,False
9204391,https://hsdfvvczjjy.weebly.com/,True,True,True,True
9392443,https://www.serv807539.pro/captcha.php,True,True,False,False
9439569,https://www.bdll55113248.pro/,True,True,False,False
8658700,https://www.itei.org.mx/d863/menu/dashboard/limit/?country.x=US&locale.x=en_US%3E&client=156b160b762f43f297c604792a050622,True,True,True,False
9231320,https://zimbra-vif2025.weebly.com/,True,True,True,True
9452673,https://en-ledgurcdn.wixstudio.com/us-en,True,True,False,False
8754980,https://qrco.de/bfNxy1,True,True,False,False
8603071,https://sites.google.com/view/ugyfdss/home,True,True,False,False
8488946,https://docs.google.com/presentation/d/e/2PACX-1vRvL6ryJOJW48oY8PmPJxPupgFf39cig5s8Mbo83WLEr-k1q2PheVYUUDOEIyej1oweNIh7abvB1fMv/pub?start=false&loop=false&delayms=3000&slide=id.p%3E*,True,True,True,False
9341392,https://l.ead.me/bgc70M,True,True,False,False
9368572,https://docs.google.com/presentation/u/7/d/e/2PACX-1vTNZl6Mthf1lzqvcMW-QqHmDPgl5B2yuJp16igpsQoJCEFowyAvgyatU_rXp_RyKNbBtbMUuF_JqAo6/pub?start=false&amp;loop=false&amp;delayms=3000,True,True,False,False
9422820,https://tr.ee/oJ8qnP,True,True,False,False
9347942,https://qaieoyureybre.weebly.com/,True,True,True,True
9258298,https://bit.ly/4qYBuAf,True,True,False,False
9419370,https://stonetools.ghost.io/,True,True,True,False
8522686,https://docs.google.com/presentation/d/e/2PACX-1vQj37VE_jlZauTDG_OjIunLA1sxAhgtRb9884SmA10IRcloG3dU6uAtVzc8eKfMe8t0k8VhpxwmAh5I/pub?start=false&loop=false&delayms=3000,True,True,True,False
9222198,https://pub-ac1bc61232dc4c23bd5ca164c650b0d6.r2.dev/index.html,True,True,True,True
9404330,https://learn-begin-startapp.wixstudio.com/ledgr-en,True,True,False,False
9339242,https://qrco.de/bgbuBc,True,True,False,False
8880036,https://docs.google.com/presentation/d/e/2PACX-1vTzKzeq0LvlOo6F3BOcTJfwyFLbEE3OAJ88E-8bD_zSydHuNQSx5hEHEAO47gu9o54V4wfrmS5tvs_q/pub?start=true&amp;loop=true&amp;delayms=1000,True,True,True,False
8817591,https://broadband-mail.daftpage.com/,True,True,False,False
8422150,https://qrco.de/behXB5,True,True,False,False
8517675,https://pub-f4e9a8ab7a98453a9f26c9eda5cc5e77.r2.dev/contractapprovald.html,True,True,False,False
9426069,https://djdjhxfinpge.weebly.com/,True,True,False,False
8298654,https://sites.google.com/view/kamelonder/,True,True,False,False
9446757,https://home-hyperlqiuidcdn.wixstudio.com/en-us,True,True,False,False
9468663,http://homepage-trezxor-us.wixstudio.com/us-en,True,True,False,False
8647525,https://qrco.de/bfBqA4,True,True,False,False
9326089,https://qrco.de/bgaS7G,True,True,False,False
8843680,https://office365login-1f9d1.firebaseapp.com/,True,True,False,False
9458103,https://allegrolokalnie.pl-65891248791243.sbs/oferta/66880113/jacuzzi-,True,True,False,False
9424828,https://mrl260002.pro/,True,True,False,False
9345340,https://qrco.de/bgcSL0,True,True,False,False
9415001,https://allegro-lokalnie.oppo900912821.xyz/,True,True,False,False
8911902,https://bit.ly/4gKMxXQ,True,True,False,False
9444532,https://goverify-faceit.com/,True,True,False,False
8344192,https://fibanc-bg.firebaseapp.com/BGon.html?xml/trylo/index.html?id=57687886756,True,True,False,False
9262317,https://link-1762515069.allvaluelink.com/bbttf,True,True,False,False
8801729,https://account.booking.com/sign-in?op_token=EgVvYXV0aCKyAQoUNlo3Mm9IT2QzNk5uN3prM3BpcmgSCWF1dGhvcml6ZRoaaHR0cHM6Ly9hZG1pbi5ib29raW5nLmNvbS8qOnsiYXV0aF9hdHRlbXB0X2lkIjoiNjI0Nzk5NzQtMTJlYS00MzE1LTlmNjUtNzMyZTBmM2M5OThiIn0yK00yWWhJbjNEMHVRckVmemlIVVRhc1U4Y2VzbG5YbkFaWnRmZ2VtLWQyNGs6BFMyNTZCBGNvZGUqEzD0yJ_a5aYnOgBCAFj22oS0pzI,True,True,False,False
9343427,https://qrco.de/bgcLBq,True,True,False,False
8703532,http://94i.37c.mytemp.website,True,True,False,False
8448801,https://redifinks.firebaseapp.com/,True,True,False,False
8724010,https://l.ead.me/bfK5UT,True,True,False,False
9379524,https://globalvoice.jp/pge-pl927910710/pages/loading.php,True,True,False,False
9446995,https://portail-index-edfrance.com/,True,True,False,False
8413484,https://www.encurtador.dev/redirecionamento/HYPE-AGGIORNAMENTO-APP,True,True,False,False
9386726,https://docs.google.com/document/d/1LusRlMCJj0T8mHHRWIKD_xHVlnS0-Hp1J8S37Kqb9MY/edit,True,True,False,False
8811479,https://bit.ly/4h2mcVT,True,True,False,False
9257750,https://avanzando2025.webcindario.com/,True,True,False,False
9440873,https://servicevincifr.com/,True,True,True,True
8397980,https://new.express.adobe.com/webpage/9QAbLucTZNmwD,True,True,False,False
8571287,https://surl.li/tnzmb,True,True,False,False
9461233,https://verifityprocess2steps.iceiy.com,True,True,False,False
9323533,https://qrco.de/bgaHI3,True,True,False,False
8698296,https://qrco.de/bfHrPW,True,True,False,False
8745298,https://qrco.de/bfMrDq,True,True,False,False
8070245,https://sitebildzdemoldd.firebaseapp.com/,True,True,False,False
8412734,https://docs.google.com/presentation/d/e/2PACX-1vT3cMDexhy4GZAIuq-j7PxXESbju7H6aoyHx0UCt13BptHqLG1TDkWkek-qbW9bRv_3R5C8f0O7TyiP/pub?start=false&amp;loop=false&amp;delayms=3000,True,True,True,False
9098231,https://mimecast.weebly.com/,True,True,False,False
9340048,https://1l1s.org/xwxymNh6x,True,True,False,False
9176507,https://bafkreidsnog54qjibssoqls6nczhfth4fzioht73gxrif7k32jcif24bba.ipfs.dweb.link/,True,True,True,False
9468123,http://iostrt-trezocdn.wixstudio.com/en-us,True,True,False,False
9350932,https://m49fka.webwave.dev/,True,True,False,False
8195419,http://34.146.186.175,True,True,False,False
8658061,https://docs.google.com/presentation/d/e/2PACX-1vRv1EzgPxnyYBx5ODPbqwMiMIkb0nagJ_3VP6owRZiSUc9LC674QLZMpk2w7QhNBGH7WtAQurf6NfDz/pub?start=false&amp;loop=false&amp;delayms=3000,True,True,True,False
9429065,https://ladger-livelebger.wixstudio.com/us-en,True,True,False,False
8889959,https://flow.page/ggffgdgs,True,True,False,False
8706698,https://qrco.de/bfIf1z,True,True,False,False
7663557,https://fir-8da4d.firebaseapp.com/,True,True,False,False
9092444,https://7zmail.weebly.com/,True,True,False,False
8561803,https://www.google.com/url?q=https://l.wl.co/l?u%3Dhttps://qrco.de/bezscnacjasfmafux&sa=D&source=editors&ust=1714720394457800&usg=AOvVaw3QkdZyfsRnM3IN8xlYpmGr,True,True,False,False
9420132,https://home-started.wixstudio.com/web-us,True,True,False,False
9244930,https://bafkreiavrddshhfddv2c3ivl4dqnsfse3d26alzylpl2lboftqtv2eqzmy.ipfs.dweb.link/,True,True,True,False
9454656,https://lg-dydxx.wixstudio.com/en-us,True,True,False,False
8863999,https://bit.ly/40DD3Zr,True,True,False,False
9468982,https://morenoroofing.com/ar/hassan2.php,True,True,False,False
8021137,https://ww-acesson-simplificado2023.blogspot.com/?gclid=EAIaIQobChMI9ZOG2Y_w_AIVCDaRCh0Alwj8EAAYASAAEgLg7fD_BwE,True,True,False,False
9175025,https://eu.jotform.com/app/252162841371352,True,True,False,False
9431342,http://startstrezur-io.wixstudio.com/en-us,True,True,False,False
9418559,https://curentlymoreoptions.myvnc.com/userid.php?token=G66x3DRCd1VQXaPw0QDcSmkzS2Z0WnpWSnpRVkVlNFF4ZlhWYTBnZkdQWDRFbmdKOXdLUVJHYmF6UVQwUFFKR1hwaHdyWHM2RUpncXV3bWt5MHRZQU4yM2dpSkFoaXNlVmJrOHZIYWZMNkd3d0d6S3hnRG9JQkhMZHFmSEVuTnRCQXROZnhnNk80WkVsS0RnNHMyd2hMSkRlUEZkNlBMUlhyakloRmtrSllHUm9zSjc3bzlQblpCbzBZR3FxTEJNQTViWEo3UUZFYUs4ZFd1Sw%3D%3D,True,True,False,False
9458099,https://belbuilnet.netlify.app/,True,True,False,False
9437466,http://www.gov-parkingqo.cyou/com/,True,True,False,False
9460017,https://wrio006.pro,True,True,False,False
9332097,https://forms.gle/ALMJDLhmu42QrQpy7,True,True,True,False
9177200,https://docs.zoom.us/doc/eNKSDOJBQA-bX6eIEVn1xw,True,True,False,False
9328117,https://l.ead.me/bgakES,True,True,False,False
9067859,https://verificationnewprocess.weebly.com/,True,True,False,False
9286439,https://new.express.adobe.com/webpage/9OuYAtlagBomW,True,True,False,False
9098108,https://hargray231.weebly.com/,True,True,False,False
8088190,http://bravebrowser.filfar.eu,True,True,False,False
8465345,https://trk-mkt.tason.com/CheckNew.html?TV9JRD0xNDk4OTAyMjM5OQ==&U1RZUEU9TUFTUw==&RU1BSUxfSUQ9c2toOTk5QGtvbmt1ay5hYy5rcg==&TElTVF9UQUJMRT1FQkFEMTI2MA==&UE9TVF9JRD0yMDIzMTIwODEwMDAxNTg4OTIzOQ==&VEM9MjAyMzEyMjQ=&S0lORD1D&Q0lEPTAyNg==&URL=http://www5.dmpcalibermail.com/caliberamp/main/index.php?action=t&tag=https%3A%2F%2Fwww.newrezcorrespondent.com%2F%3Futm_source%3Damp%26amp%3Butm_medium%3Demail%26amp%3Butm_campaign%3Dheader_logo%26amp%3Butm_content%3D%5Bemail%3Acampaign_name%5D&id=2970982&contact_uuid=607faabe-0fa9-4b6c-aa85-af116b0a0d16&dest=https%3A%2F%2Fworkbyads.com%2Fheejjbejee%2Fgylblbbuj%2F2533%2FZXhhbXBsZUBleGFtcGxlLmV4YW1wbGU,True,True,False,False
8265144,https://fhotodromservicefr.web.app/,True,True,False,False
9433184,https://pntfp.top/?secure_connect=uj2*fc*&_subid=2k43195.33.vo4q&_token=3dso6qq1rtokug.1779715133.1.8555670641a21b7814d51ceedb56a9c6,True,True,False,False
8709983,https://jazkjeazlkk.blogspot.com/,True,True,False,False
9450150,https://starto-wallet.wixstudio.com/us-en,True,True,False,False
9457938,https://mjour.info/920619,True,True,False,False
9450484,https://startdapps-ledzorcdn.wixstudio.com/en-us,True,True,False,False
9413564,https://arizona.gov-nazb.help/,True,True,False,False
9461721,https://4kt8wrn.hair/5gwc6ysb/ide0t2/e32aZT,True,True,False,False
8691614,https://d314xy.csb.app/drt.htm/,True,True,False,False
8658309,https://l.ead.me/bfELTs,True,True,False,False
9469487,https://startin-ldzercdn.wixstudio.com/us-en,True,True,False,False
8862176,https://bit.ly/3OfwiFE,True,True,False,False
9216617,https://2ffk4m.share-eu1.hsforms.com/26eTj-lCrSqmt431jdFEawg,True,True,False,False
9428204,https://70158364.xyz/ylprzghg/jniolM/l8xV3O,True,True,False,False
9467838,https://welcome-sohu-sports.com/jp/?tid=,True,True,False,False
9379294,https://l.wl.co/l?u=https://qr-codes.io/pFB6ZC,True,True,False,False
9419185,https://www.phonewf.com/,True,True,False,False
9403700,https://645032267539020141.weebly.com/,True,True,False,False
9453376,https://web.tegwes.top,True,True,False,False
9176604,https://bafkreifzvqoee2n64ygrx5bvldjytzkc5reemia2gpmzwmbu3hioqlszb4.ipfs.dweb.link/,True,True,True,False
9463759,https://allegro-lokalnie.12939h74.xyz/,True,True,False,False
9421469,https://innovative-board-014256.framer.app/,True,True,False,False
9176422,https://bafkreiarw53ndigjs7mx3vnsvzooh46p6qtn5wfttihfbse6rewztn7gba.ipfs.dweb.link/,True,True,True,False
8687159,https://qrco.de/bfGlwZ,True,True,False,False
8017936,https://t-mobil-28c13.firebaseapp.com/,True,True,False,False
9426265,https://allegrolokalnie.pl-oferta853019.click,True,True,False,False
9323607,https://q-r.to/bgaHDT,True,True,False,False
9207596,https://linkin.bio/ilkvish6/,True,True,True,False
8379812,https://sites.google.com/view/ruralalaess22/p%C3%A1gina-principal,True,True,False,False
8790257,https://webogram.org/z/,True,True,True,False
8767701,https://q-r.to/bfPHPB,True,True,False,False
9340462,https://certifysccoast.weebly.com/,True,True,True,True
9312226,https://mcharraire.fr/wp-content/mu-plugins/,True,True,False,False
9328305,https://q-r.to/bga4Id,True,True,False,False
9429459,https://realestate.milai-ie.com/irrs/tilfux/,True,True,False,False
9375563,https://docs.google.com/drawings/d/1uXZGs5A7iErjdgSmMqq4vyRrWrQMLzlFEPvVTxQTv6c/edit,True,True,False,False
8759937,https://docs.google.com/presentation/d/1HG24PRwtQiAtzLnFrslWf0kbK68fRzF7zQQZIh3dn-g/pub?start=false&loop=false&delayms=3000&slide=id.p%3E,True,True,True,False
8590676,https://new.express.adobe.com/webpage/GSVFCBMg1LQ0Y,True,True,False,False
9454657,https://tri-colis.com/index.php,True,True,False,False
9295955,https://bafybeibt7gvufsgdp3colbyw7ax6k6zl7hra6uebf3bfwhjmop5h76geki.ipfs.dweb.link/,True,True,True,False
9279255,https://app.resgatepremium.info/,True,True,False,False
9244768,https://orrder--ledger.gitbook.io/en-us/,True,True,False,False
9366998,https://hitmantest.club/,True,True,False,False
8403321,https://docs.google.com/presentation/d/e/2PACX-1vSIgLWXw4RWhax_OCr43KLAiUQssXX5XMcqHVhQQbCZrDtZzwjVoKVuqIXeOwryiQeDWumWS2MvYD7h/pub?start=false&amp;loop=false&amp;delayms=3000,True,True,True,False
9183561,https://bafkreie6uzcs6c4t2rigrixqvvbq3hhlnrnwy2fqgiewds2kdo25rtu3pi.ipfs.dweb.link/,True,True,True,False
8733055,https://campsite.bio/urhjhgfdfv,True,True,False,False
9192471,https://l.wl.co/l?u=https://qr-codes.io/XQWJsp,True,True,False,False
9102731,https://did.li/LrdmC,True,True,True,False
9459177,https://allegrolokalne.348239h.lol/,True,True,False,False
9458966,https://toki2006-vercel.vercel.app/,True,True,False,False
8801718,https://account.booking.com/sign-in?op_token=EgVvYXV0aCKyAQoUNlo3Mm9IT2QzNk5uN3prM3BpcmgSCWF1dGhvcml6ZRoaaHR0cHM6Ly9hZG1pbi5ib29raW5nLmNvbS8qOnsiYXV0aF9hdHRlbXB0X2lkIjoiYjk4ZGI5NzItNmU1Zi00ODE2LTg4MTctMTdmNTY0YTMyYmUyIn0yK1V1WU0zR0lJLVFTNlByd2pYWVZVLWl5X1VCNmtTT1NMSlZ4UG5VT2ZJWUk6BFMyNTZCBGNvZGUqEzDZls_t_aYnOgBCAFjK_4O0pzI,True,True,False,False
8785654,https://q-r.to/bfR3VC,True,True,False,False
8197101,https://jablies.firebaseapp.com/,True,True,False,False
9388527,https://amelisecure.cannonsafe.com/,True,True,False,False
8461484,https://docs.google.com/presentation/d/e/2PACX-1vTvkkYlikv3n1REHT37WgYvWkDHuTBm9L8hvU_TcFTpIVcSKMiPUow2hM8YC_QPLINCEbtJxa8naExf/pub?start=false&amp;loop=false&amp;delayms=3000&amp;slide=id.p,True,True,True,False
8439654,https://lookerstudio.google.com/reporting/399c9acc-c19a-4c46-9646-557c2a866dc7?s=o9S74St99oQ%20Trace%20Complete,True,True,False,False
9439099,https://bradesco.praempresas.sbs/,True,True,False,False
9433268,https://auth---uphold-cdn-login.weebly.com/,True,True,False,False
9405581,https://edfrance-relation.com/,True,True,False,False
9214887,https://cyip3dn09.ukit.me/,True,True,False,False
8496299,https://bit.ly/3v6D230,True,True,False,False
9454066,https://primeamzabo001.pro/loading.php,True,True,False,False
9462993,https://start-ledgrcom-cdn.wixstudio.com:443/us-en,True,True,False,False
9334236,https://qrco.de/bgbTb6,True,True,False,False
9341365,https://l.ead.me/bgbZ22,True,True,False,False
9462356,https://connects-bridge.wixstudio.com/us-en,True,True,False,False
9455260,http://trezor-help.support,True,True,False,False
9448198,https://ssouphldappscdn.wixstudio.com/us-en,True,True,False,False
9464836,http://allegro.ofeta-1413.sbs,True,True,False,False
9436554,https://tzldcnv.com/72SS3eo,True,True,False,False
9435200,https://golden-wealth-471939.framer.app/,True,True,True,True
9323612,https://qrco.de/bgaPlR,True,True,False,False
8364948,https://ssbfdq.blogspot.ch/,True,True,False,False
8736474,https://neartail.com/public/107057785823615122206/all/form/1FAIpQLScqTcNRyS55JXcGjDS0q6LPm3dYjezr_1K9WeiT5K8O30OaaQ,True,True,False,False
9175255,https://docs.google.com/document/d/1PcPb1wIAivbmCLBy8Q8Rk7qeMfAll7oYA1AZT2f5R5I/edit,True,True,False,False
9412464,https://t-mobile.huegfd.mom/,True,True,False,False
9454767,http://sinarmas77org.pages.dev,True,True,False,False
9292877,https://l.wl.co/l?u=https://qr-codes.io/60fTwv,True,True,False,False
9457130,https://sdfguipoijhgcx-dpvcucioikr2.edgeone.cool/,True,True,False,False
8907880,https://www.dropbox.com/scl/fi/6y1pomkzgd1t1qfl6iuky/Sign-in-to-your-currently.com.paper?rlkey=6qap3os5h9ilckq6r1c81ek1p&st=ae5dok7o&dl=0,True,True,False,False
9455847,https://allegrolokainie.oferta81480578.click,True,True,False,False
9156910,https://vkontakte.ru/away.php?cc_key=cNJaMK&to=https%3A%2F%2Fauth.bemossncontrol.com%2Firs,True,True,False,False
8598372,https://loplilopampandestris.firebaseapp.com/,True,True,False,False
9264406,https://us17.campaign-archive.com/?u=2f599139a9ee34510dbec24d5&id=6825981ff1,True,True,False,False
8756506,https://banrugt02.webcindario.com/,True,True,False,False
8146109,https://allianceswisspass.live.itonicsit.de/de/type_umsetzungsprojekt/32/details,True,True,True,True
9413491,https://gov-nazt.help/,True,True,False,False
9398588,https://kor7xo.cfd/ph2bsfvy/ihJuOh/zAlQEW,True,True,False,False
8796293,https://q-r.to/bfSVAc?Qko=9iaP7GmbEM,True,True,False,False
9405152,https://casaslotes07.vercel.app/,True,True,False,False
8806196,https://pub-9f65e9a08da64a87ae0cc31910c99428.r2.dev/index.html,True,True,True,True
9424270,https://bradesco.pjatendimento.lol/,True,True,False,False
8607398,http://messageriepro3orange.cloudns.be/aspuitte/support/portail-orangefr.php/login/ologin.php,True,True,False,False
8748820,https://q-r.to/bfN4CG?ts=1,True,True,False,False
9384938,https://ipfs.io/ipfs/bafkreien7hkm5erpea5xefltdn63p5kr2pwgoyftt2kdrs2mserf4p4evu,True,True,False,False
7973225,https://taqibraz.blogspot.com/,True,True,False,False
8896068,https://bigpondmailmm.weebly.com/,True,True,True,True
9463590,https://netempresacontapj.digital,True,True,False,False
8660319,https://bit.ly/3W4i0LQ,True,True,False,False
9339147,https://q-r.to/bgbaMo,True,True,False,False
9341653,https://q-r.to/bgc3zE,True,True,False,False
9039151,https://docs.google.com/presentation/d/e/2PACX-1vQ0TPrxsyyW7tMYQ9FH-s7jLhJsxYsFuJGD1ixAaUPtzy6l52FKFg_mVzOJ2z9o2bkFy6CiKRabHEuY/pub?start=false&amp;loop=false&amp;delayms=3000,True,True,True,False
8130950,https://lesdernieremotcde.web.app/,True,True,False,False
9133511,https://www.elespanol.com/omicrono/software/20220629/cliente-bbva-cuidado-virus-claves-acceso-cuenta/683931629_0.html?utm_source=chatgpt.com,True,True,True,False
9409689,https://socketuhga3456ugfd.weeblysite.com,True,True,False,False
9151615,https://t.co/D3jwJGc6id,True,True,False,False
8619253,https://docs.google.com/presentation/d/e/2PACX-1vQraYh4aTtQ4dXVSL3X4s_ZE4UUpLATSt1xhF94-XWbkfxrJ6pfy9U2JK3hYb25XfnRekVxsg3ZOezw/pub?start=false&amp;loop=false&amp;delayms=3000,True,True,True,False
8658430,https://q-r.to/bfER8t,True,True,False,False
8603352,https://docs.google.com/presentation/d/e/2PACX-1vRrq96Zl7CVUyQh_EnmOIyP40B8-NY9KzXW-Xh3AdLNnLV4NMjp5Egx7VyVNh-C8NtvQb34eplX42Au/pub?start=false&amp;loop=false&amp;delayms=3000,True,True,True,False
9231337,https://docs.google.com/drawings/d/1fI2A7hArFYYDYYWYdU5AFlNUgPZB2OgORZaBLMGLBHg/preview,True,True,True,False
9452049,https://136tyesy.vercel.app/,True,True,False,False
8460728,https://bit.ly/3cbQkSf,True,True,False,False
9207470,https://tinyurl.com/Thecourierguyz,True,True,False,False
9361647,https://l.ead.me/bgf9eL,True,True,False,False
7537652,https://myiccu.firebaseapp.com/,True,True,False,False
9434793,https://did.li/lojba,True,True,False,False
8119093,https://bit.ly/414McaZ,True,True,False,False
8718928,https://q-r.to/bfIzdZ,True,True,False,False
8705100,https://qrco.de/bfIS5m,True,True,False,False
9444514,https://tr.ee/p_VRgbDwmM,True,True,False,False
8775017,https://bit.ly/4dfKzw8,True,True,False,False
9410588,https://www.dpdlocajp.cyou/com/,True,True,False,False
9449135,https://9000-firebase-ship-1779913820229.cluster-zti5ytzhlffjiqj6bp4giuli3u.cloudworkstations.dev/?monospaceUid=444857,True,True,False,False
8891384,https://paraisodosorriso.com.br/oiloil/plainsite.html?e=x,True,True,True,False
9422049,https://sykessler.blob.core.windows.net/sykessler/sykessler,True,True,False,False
8915271,https://9400fr.weebly.com/,True,True,True,True
9368086,https://presmowaply.weebly.com/,True,True,False,False
9456089,https://startsso-trezxr.wixstudio.com/en-us,True,True,False,False
8385501,https://ee-repayment-update.firebaseapp.com/,True,True,True,False
9450410,https://io-rabbyy.wixstudio.com/enus,True,True,False,False
9333662,https://archjoinerry.wixsite.com/my-site-1,True,True,False,False
8275595,https://iuparadas.org/,True,True,True,False
8718936,https://q-r.to/bfJbDy,True,True,False,False
8899080,https://q-r.to/bfd8KV,True,True,False,False
9413867,https://gov-zcu.help/,True,True,False,False
8416770,https://sky-109834.square.site/,True,True,True,True
9054392,https://gmxxms.weebly.com/,True,True,False,False
8664154,https://bit.ly/3W9e5NJ,True,True,False,False
8122336,https://ipfs.best-practice.se/ipfs/bafybeiciybgr4yyk73flu2j6nknw4nnlpvapm5ocuz4hloq2l724w42xfa/,True,True,False,False
9372915,https://sywjgg.com/s/EAOItcpB96e2O2Q,True,True,False,False
8728435,https://ow.ly/Lbz050T4jvU,True,True,False,False
9416128,http://allegrolokalnie.pl5926952.cyou/oferta/kukurin-g4-240km-przebiegu-kask-w-zestawie,True,True,False,False
8585945,https://www.dropbox.com/scl/fi/q7ozf44u9shk5jofznin2/Untitled.paper?rlkey=piszyn4d9ztm95541cntuf88e&dl=0,True,True,False,False
9358511,http://allegro.oferta-83902741.cfd,True,True,False,False
9147346,https://hhfhjfhjfhjf.weebly.com/,True,True,False,False
8491413,https://bit.ly/3Vfk9oU,True,True,False,False
9345272,https://l.ead.me/bgcUc9,True,True,False,False
9454986,https://noble-turtle-720821.framer.app/,True,True,False,False
9421970,https://dev-spotifypremiumupdate.pantheonsite.io/8iujn,True,True,False,False
9458877,https://odp-strawtv.com/captcha.php,True,True,False,False
9428935,https://oh.paosq.cam/,True,True,False,False
9459176,http://allegrolokalne.348239h.lol,True,True,False,False
9299385,https://t.co/GgDEl3VbsZ,True,True,False,False
9344555,https://zpr.io/GWJFjt4VAxFz,True,True,False,False
9113399,https://click-bnauth.webcindario.com,True,True,False,False
9339208,https://q-r.to/bgbyBO,True,True,False,False
9413667,https://nj.gov-ycl.help/,True,True,False,False
8693688,https://bit.ly/3A9uI4v,True,True,False,False
9455774,https://dstrb-platfrm003.pro/as.php,True,True,True,False
8127741,https://ipfs.best-practice.se/ipfs/bafybeibjaza7liprcmpwtjf2k4btvsyka4kfmauug5q6f2sikmlpz774uy/index.html,True,True,False,False
8013564,https://metafb-2jle6gn.firebaseapp.com/,True,True,False,False
8626601,https://docs.google.com/presentation/d/e/2PACX-1vRWgmzO5BVReIXmmOtLDXkdOYYDJlwa3U5cXuSxxQbbX_49VLsp91FQ3HRzxMm3pzrQGeTIz54scfT1/pub?start=false&amp;loop=false&amp;delayms=3000,True,True,True,False
9425945,https://feriomfresa.weebly.com/,True,True,False,False
9172034,https://bafkreig233g3yd3btndadcvx5yq2zridl5utu3fhsdnmgtw67xbqg2dseq.ipfs.dweb.link/,True,True,True,False
8899899,https://sentinelcontact.weebly.com/,True,True,True,True
8009851,https://cauradaada.firebaseapp.com/,True,True,False,False
9465580,https://internetzoomediaplsll.weebly.com/,True,True,False,False
8381961,https://pub-e4b13c28b9ef4867a84f0a61d1d81aef.r2.dev/link.html,True,True,True,False
8503647,https://attuser989409404-04-04.ukit.me/,True,True,False,False
9430845,http://dpd.xqtrvm.cyou,True,True,False,False
9450941,https://amzaboprime011.pro/loading.php,True,True,False,False
9432206,https://paybank.cuiqggm.cn/,True,True,False,False
9316621,https://q-r.to/bgZZRS,True,True,False,False
8005958,https://doggodao.web.app/,True,True,True,False
8806261,https://l.ead.me/bfTkZ4,True,True,False,False
8687164,https://qrco.de/bfGjaO,True,True,False,False
9111724,https://docs.google.com/presentation/d/e/2PACX-1vSvCFs_xYFXrhROtTBkpw_8oGuw2VhQ0XBflqxd7Kpr_zPwrXF94MXLoBSSSuuCeYO_sxjGbtyEdf26/pub?start=false&amp;loop=false&amp;delayms=3000,True,True,True,False
8775273,https://qrco.de/bfPj5a,True,True,False,False
8497065,https://officebt002.komi.io/,True,True,False,False
8022984,https://sites.google.com/view/bisasabo/?pli=1,True,True,False,False
9020861,https://uimasewinter.weebly.com/,True,True,True,True
9171144,https://us2.campaign-archive.com/?e=7c262c7663&u=c1e16267038965aeba6040c87&id=73ee3875a7,True,True,True,False
8887970,https://reviewinvoiceeek.weebly.com/,True,True,True,True
8067145,https://convention-securitaire-franc.web.app/,True,True,True,False
9468803,https://societytechnews.com/?type=verify&amp;key=shudiwcmhl,True,True,False,False
9426046,https://ssonwmissouriable.weebly.com/,True,True,False,False
9364896,https://massive-encounter-356813.framer.app/,True,True,False,False
9319527,https://qrco.de/bgZpym,True,True,False,False
9411043,https://iiotrezsrt.wixstudio.com/un-uss,True,True,False,False
9202029,https://us16.campaign-archive.com/?u=74ab19017cb7461d1e7e539d3&id=2109a92703,True,True,False,False
8078589,http://43.159.39.69/v3/signin/identifier?dsh=S1779185188:1678991833727875&amp;continue=https://accounts.google.com/&amp;followup=https://accounts.google.com/&amp;ifkv=AWnogHfJvfjI0xotrI6SEkFMxvWHCuYraWXyQshZJbn1OtSOSncxacaf7IQ8FXWv39rNSSxJyIRalw&amp;passive=1209600&amp;flowName=GlifWebSignIn&amp;flowEntry=ServiceLogin,True,True,False,False
8275841,https://rwbby-18ae0.web.app/,True,True,False,False
9438842,https://aehsp.021110f6-5146-4ad7-abf0-b91adf8d5ff3.click/ab753813-65b8-4970-99d4-b2b2abc212e6.php,True,True,False,False
9252784,https://futuropichincha.webcindario.com,True,True,False,False
8286339,https://docs.google.com/presentation/d/e/2PACX-1vRyDx1O7bvmbPYAaVhM0wRb7GJKkGA0nRwrKqsmfjPEa98xdarhgpL__EXFJBxv9UuBQRrXAVNLc61j/pub?start=false&loop=false&delayms=3000&slide=id.p,True,True,True,False
9217785,https://417w1c.share-na2.hsforms.com/2pR8-DavQSgyVbowmlAgypQ,True,True,False,False
9356536,https://duoccla.ukit.me/,True,True,False,False
8760334,https://l.ead.me/bfOUxk,True,True,False,False
8717637,https://qrco.de/bfJPdB,True,True,False,False
8240309,https://sites.google.com/view/prohuper2023/inicio,True,True,False,False
8220366,https://mxfr6f.webwave.dev/,True,True,False,False
9211836,https://keensalmon.org/en-ca/legal,True,True,True,False
9280030,https://tinyurl.com/yeyw9wzr,True,True,False,False
9028393,https://preview.studio.site/live/8dO85p5nqn,True,True,True,True
9467928,https://visionsafcu.weebly.com/,True,True,False,False
9425192,http://bafkreifv4toarzwlzqzc2cfi34btq6zfvwxnepfkcrap4bjuev5wdcclc4.ipfs.dweb.link/,True,True,True,False
9437730,https://9407mza.hair/txtstyh9/15twRz/sTgWXV,True,True,False,False
9463896,https://webualg.weebly.com/,True,True,False,False
9111869,https://craneorder.weebly.com/,True,True,False,False
9402203,https://5wtr453r.top/alndhi8b/pGNr8N/YgQFKU,True,True,False,False
9322772,https://loginacstrasbourgfrdpprofileo1cauthorize1executione1f15.weebly.com/,True,True,True,True
9457907,https://allegrolokalne.tkr26.top/,True,True,False,False
9463763,https://allegro.12939h74.xyz/,True,True,False,False
8522734,https://docs.google.com/presentation/d/e/2PACX-1vTHfutQnlrUHLm1w7zhWJ6r6G0M1wHEPO2eZ_WjSC2LcjW3uejPl2OtqjDV9qVPpnKau3z0qmHf6LI0/pub?start=false&amp;loop=false&amp;delayms=3000&amp;slide=id.p,True,True,True,False
8641266,https://l.wl.co/l?u=https://qrco.de/bfCNfr,True,True,False,False
9410032,https://atomic-hub.wixstudio.com/atomic-en,True,True,False,False
9446608,https://auth-we.xyz/,True,True,False,False
8718804,https://pub-70e69d351fdd47719fff28ce677d9918.r2.dev/index.html,True,True,True,True
9413243,https://ky.gov-pzr.help/drive,True,True,False,False
8660072,https://pub-f304e40783c74b34ab7533a1cf6ff2e6.r2.dev/smoth.html,True,True,False,False
9335683,https://qrco.de/bgbP8z,True,True,False,False
8407466,https://cloud-a34c2.firebaseapp.com/,True,True,True,True
9361121,https://my-gemi.zeabur.app/,True,True,False,False
8714817,https://ionos-outlook.web.app/,True,True,False,False
8378970,https://edfdc0fa5e2ae6e3c6d7156f3b2ce00c.cdn.bubble.io/f1679644455398x630943732016925300/webmailf.html,True,True,True,True
9376015,http://allegrolokalnie.pl-917272882828zmowienie816262837337.lat,True,True,False,False
9437087,https://app.diadoclientevip.com/,True,True,False,False
9344426,https://q-r.to/bgc44w,True,True,False,False
8746270,https://atlanticunionbank.upstart.com/login-v1,True,True,True,True
9450083,https://allegrolokalnie.2831029.xyz/,True,True,False,False
8296510,https://jwllogic.com/,True,True,True,False
8805292,https://q-r.to/bfTY8p,True,True,False,False
8478855,https://docs.google.com/presentation/d/e/2PACX-1vQGhoyvFVJy8XSLSpazgMr2hKpIQkdK_peKolKerEzUd1yCQSJIuQVWFy1aUEu6DusSLu2aNw4Yv4LW/pub?start=false&amp;loop=false&amp;delayms=3000,True,True,True,False
9319753,https://l.ead.me/bgZe3N,True,True,False,False
9187213,https://quo.m-pages.com/rsrXhd=,True,True,False,False
9470716,https://5w3o86e3.skin/msjay1z8/8fXpwG/ybRqI7,True,True,False,False
9354837,https://docs.google.com/presentation/d/e/2PACX-1vQo_uIDVkFEy624RSAxhZM3kaVUcMXBMSY921Ev527z8OdGcfXJmDaY8JCtL-JkhiU5sZII_JpqiJ_T/pub,True,True,True,False
8542924,https://docs.google.com/presentation/d/e/2PACX-1vT-3iu686Rd8GN-a6jrREKLfvCRWyFXZSc0SFVi13O9lr11oszhRm0CKvGJu5F4EJVmGXqxO6DyWO1Y/pub?start=false&amp;loop=false&amp;delayms=3000&amp;slide=id.p,True,True,True,False
8937652,https://hkjghfzdfglgfdtsryjthj-ts4dtufyiguloyildtusk5dtyi.teemill.com/,True,True,True,False
9417440,https://allegrolokainie.1974275r5.sbs,True,True,False,False
9287833,https://vk.cc/cS9L3w?userID=1mNUJEfE,True,True,False,False
8689017,https://pub-64538f6ee0d24d1ca85ae60e35a91f5d.r2.dev/index.html,True,True,True,True
9439226,https://nav-cyrptocdn.wixstudio.com:443/us-en,True,True,False,False
7990809,https://carlomcer.firebaseapp.com/,True,True,False,False
9420899,https://library.se/modules/index.php?bx_files_mode=%22%2F%3E%3Cimg%20src%3D%22https%3A%2F%2Fgoogle.com%2Fjsp8v5poSgBlP.jpg%22%20onerror%3D%22window.location%3DdecodeURIComponent%28atob%28%27Njg3NDc0NzA3MzNhMmYyZjZmNzg3NjcxNzEyZTczNzA2MTcyNmI2MTczNzM2NTJkNjQ2NTJlNjM2NjY0MmY2NTcyNmU2NTc1NjU3MjZlMmU3MDY4NzA%3D%27%29.replace%28%2F%28..%29%2Fg%2C%20%27%25%241%27%29%29%3B%22%3E,True,True,False,False
8047209,https://attcostimercale.boxmode.io/,True,True,False,False
8341263,https://new.express.adobe.com/webpage/vbe7VxRqYnC0X,True,True,False,False
9424578,http://www.ttaittcyyqdh.com/contactless/,True,True,False,False
8723952,https://l.ead.me/bfJvvk,True,True,False,False
9174856,https://us1.campaign-archive.com/?u=b20283e1c2513f3b5c903539b&id=71d6829920,True,True,False,False
8084138,https://apptuts.bio/detalhamentos-online-2023?gclid=EAIaIQobChMIk_b019zr_QIV6ilMCh2s3QyEEAMYASAAEgIx0_D_BwE,True,True,False,False
8615052,https://eswj91.webwave.dev/,True,True,False,False
9376091,https://proxgemini.zeabur.app/,True,True,False,False
9341556,https://q-r.to/bgbPXf,True,True,False,False